measure,year,annex2_OWID,annex1_OWID,annex2_PRIMAP,annex1_PRIMAP,annex2_GCP_fossil,annex1_GCP_fossil,annex2_GCP_BLUE,annex1_GCP_BLUE,annex2_GCP_OSCAR,annex1_GCP_OSCAR,annex2_EDGAR,annex1_EDGAR,annex2_ClimateWatch,annex1_ClimateWatch
ghg_incLUC,1850,36.118,54.174,41.506,55.775,,,,,,,,,,
ghg_incLUC,1851,36.279,53.896,42.009,56.425,,,,,,,,,,
ghg_incLUC,1852,36.048,54.096,46.020,59.726,,,,,,,,,,
ghg_incLUC,1853,36.900,54.269,46.987,60.739,,,,,,,,,,
ghg_incLUC,1854,37.710,55.324,48.374,62.069,,,,,,,,,,
ghg_incLUC,1855,37.611,55.114,49.224,63.019,,,,,,,,,,
ghg_incLUC,1856,37.923,55.428,49.850,63.582,,,,,,,,,,
ghg_incLUC,1857,37.997,55.558,50.225,63.950,,,,,,,,,,
ghg_incLUC,1858,38.378,55.906,50.564,64.294,,,,,,,,,,
ghg_incLUC,1859,38.863,56.305,51.106,64.754,,,,,,,,,,
ghg_incLUC,1860,40.182,57.787,51.779,65.333,,,,,,,,,,
ghg_incLUC,1861,40.096,58.191,51.932,65.676,,,,,,,,,,
ghg_incLUC,1862,40.817,59.028,50.086,63.955,,,,,,,,,,
ghg_incLUC,1863,41.437,59.399,50.310,64.215,,,,,,,,,,
ghg_incLUC,1864,41.207,59.811,50.622,64.511,,,,,,,,,,
ghg_incLUC,1865,41.728,60.159,50.864,64.752,,,,,,,,,,
ghg_incLUC,1866,41.533,60.698,51.001,64.929,,,,,,,,,,
ghg_incLUC,1867,42.655,60.874,51.275,65.205,,,,,,,,,,
ghg_incLUC,1868,42.658,61.257,51.334,65.321,,,,,,,,,,
ghg_incLUC,1869,42.682,61.360,51.619,65.604,,,,,,,,,,
ghg_incLUC,1870,44.509,63.201,51.625,65.667,,,,,,,,,,
ghg_incLUC,1871,46.197,64.081,51.108,64.731,,,,,,,,,,
ghg_incLUC,1872,46.567,64.574,54.551,67.170,,,,,,,,,,
ghg_incLUC,1873,47.795,65.267,54.948,67.428,,,,,,,,,,
ghg_incLUC,1874,47.395,65.423,54.515,67.168,,,,,,,,,,
ghg_incLUC,1875,48.391,65.962,55.109,67.601,,,,,,,,,,
ghg_incLUC,1876,48.505,66.270,55.051,67.728,,,,,,,,,,
ghg_incLUC,1877,48.711,66.358,55.279,67.880,,,,,,,,,,
ghg_incLUC,1878,48.903,66.720,55.275,67.929,,,,,,,,,,
ghg_incLUC,1879,49.575,67.315,55.760,68.315,,,,,,,,,,
ghg_incLUC,1880,48.663,66.409,56.693,69.019,,,,,,,,,,
ghg_incLUC,1881,47.772,65.563,55.761,67.795,,,,,,,,,,
ghg_incLUC,1882,47.791,65.494,54.165,66.510,,,,,,,,,,
ghg_incLUC,1883,48.112,65.739,54.209,66.519,,,,,,,,,,
ghg_incLUC,1884,47.812,65.775,53.911,66.238,,,,,,,,,,
ghg_incLUC,1885,47.405,65.611,53.604,65.991,,,,,,,,,,
ghg_incLUC,1886,47.485,65.455,53.465,65.880,,,,,,,,,,
ghg_incLUC,1887,47.896,65.411,53.596,65.991,,,,,,,,,,
ghg_incLUC,1888,48.562,66.060,54.262,66.564,,,,,,,,,,
ghg_incLUC,1889,47.829,65.532,53.901,66.374,,,,,,,,,,
ghg_incLUC,1890,47.841,66.135,54.452,66.861,,,,,,,,,,
ghg_incLUC,1891,47.988,66.268,54.666,67.155,,,,,,,,,,
ghg_incLUC,1892,48.060,66.561,54.978,67.382,,,,,,,,,,
ghg_incLUC,1893,47.949,66.487,54.573,67.206,,,,,,,,,,
ghg_incLUC,1894,47.820,66.699,54.431,66.895,,,,,,,,,,
ghg_incLUC,1895,48.288,66.854,54.767,67.241,,,,,,,,,,
ghg_incLUC,1896,48.577,67.067,54.894,67.380,,,,,,,,,,
ghg_incLUC,1897,48.651,67.196,55.131,67.664,,,,,,,,,,
ghg_incLUC,1898,49.102,67.781,55.357,67.951,,,,,,,,,,
ghg_incLUC,1899,49.951,68.302,56.155,68.635,,,,,,,,,,
ghg_incLUC,1900,50.081,68.684,56.578,69.054,,,,,,,,,,
ghg_incLUC,1901,49.209,68.237,54.857,67.081,,,,,,,,,,
ghg_incLUC,1902,49.348,68.301,53.488,65.606,,,,,,,,,,
ghg_incLUC,1903,50.020,68.929,53.594,65.325,,,,,,,,,,
ghg_incLUC,1904,49.724,68.780,52.511,64.275,,,,,,,,,,
ghg_incLUC,1905,50.339,69.477,52.510,63.939,,,,,,,,,,
ghg_incLUC,1906,50.206,69.372,51.793,63.184,,,,,,,,,,
ghg_incLUC,1907,51.616,70.608,53.042,64.241,,,,,,,,,,
ghg_incLUC,1908,50.626,70.128,51.772,63.231,,,,,,,,,,
ghg_incLUC,1909,50.827,70.372,51.999,63.436,,,,,,,,,,
ghg_incLUC,1910,52.042,68.760,52.545,63.761,,,,,,,,,,
ghg_incLUC,1911,52.093,68.003,53.596,65.109,,,,,,,,,,
ghg_incLUC,1912,52.440,68.164,54.064,65.855,,,,,,,,,,
ghg_incLUC,1913,53.483,68.229,55.566,67.515,,,,,,,,,,
ghg_incLUC,1914,52.304,66.593,54.294,66.356,,,,,,,,,,
ghg_incLUC,1915,52.112,65.894,54.220,66.286,,,,,,,,,,
ghg_incLUC,1916,52.827,66.521,54.983,66.953,,,,,,,,,,
ghg_incLUC,1917,53.600,66.350,55.357,67.114,,,,,,,,,,
ghg_incLUC,1918,54.534,65.781,55.825,66.602,,,,,,,,,,
ghg_incLUC,1919,52.987,63.417,54.075,64.134,,,,,,,,,,
ghg_incLUC,1920,52.469,63.962,55.304,65.609,,,,,,,,,,
ghg_incLUC,1921,49.360,61.673,51.276,62.036,,,,,,,,,,
ghg_incLUC,1922,49.839,62.020,51.276,61.938,,,,,,,,,,
ghg_incLUC,1923,51.071,63.000,53.184,63.239,,,,,,,,,,
ghg_incLUC,1924,50.889,62.425,52.458,62.713,,,,,,,,,,
ghg_incLUC,1925,50.519,62.567,52.267,62.500,,,,,,,,,,
ghg_incLUC,1926,49.614,62.148,51.166,62.049,,,,,,,,,,
ghg_incLUC,1927,50.413,62.975,52.929,63.763,,,,,,,,,,
ghg_incLUC,1928,49.726,62.459,52.246,63.316,,,,,,,,,,
ghg_incLUC,1929,50.213,63.334,53.432,64.380,,,,,,,,,,
ghg_incLUC,1930,47.534,62.440,52.549,63.839,,,,,,,,,,
ghg_incLUC,1931,44.808,61.003,49.839,61.928,,,,,,,,,,
ghg_incLUC,1932,42.244,59.313,45.672,58.711,,,,,,,,,,
ghg_incLUC,1933,42.601,59.594,45.892,58.932,,,,,,,,,,
ghg_incLUC,1934,42.953,60.036,46.376,59.586,,,,,,,,,,
ghg_incLUC,1935,42.994,60.545,46.391,59.672,,,,,,,,,,
ghg_incLUC,1936,43.556,61.303,47.069,60.267,,,,,,,,,,
ghg_incLUC,1937,44.121,61.645,47.409,60.406,,,,,,,,,,
ghg_incLUC,1938,42.302,60.608,45.390,58.939,,,,,,,,,,
ghg_incLUC,1939,42.995,60.967,46.166,59.300,,,,,,,,,,
ghg_incLUC,1940,42.725,59.298,45.611,60.070,,,,,,,,,,
ghg_incLUC,1941,43.181,58.085,46.679,59.987,,,,,,,,,,
ghg_incLUC,1942,44.391,57.282,48.079,60.130,,,,,,,,,,
ghg_incLUC,1943,44.420,56.862,47.368,59.858,,,,,,,,,,
ghg_incLUC,1944,44.175,56.283,46.905,58.847,,,,,,,,,,
ghg_incLUC,1945,41.781,53.062,43.935,54.974,,,,,,,,,,
ghg_incLUC,1946,42.107,53.310,43.015,54.114,,,,,,,,,,
ghg_incLUC,1947,43.611,54.391,44.786,55.821,,,,,,,,,,
ghg_incLUC,1948,44.534,54.963,45.403,56.430,,,,,,,,,,
ghg_incLUC,1949,42.831,53.570,43.190,55.028,,,,,,,,,,
ghg_incLUC,1950,41.698,53.123,45.058,56.982,,,,,,,,,,
ghg_incLUC,1951,40.817,52.732,44.366,58.113,,,,,,,,,,
ghg_incLUC,1952,40.243,52.782,42.624,57.153,,,,,,,,,,
ghg_incLUC,1953,39.942,52.957,42.284,57.527,,,,,,,,,,
ghg_incLUC,1954,38.511,52.010,41.226,57.134,,,,,,,,,,
ghg_incLUC,1955,38.794,52.638,41.371,57.662,,,,,,,,,,
ghg_incLUC,1956,39.022,53.235,41.504,58.232,,,,,,,,,,
ghg_incLUC,1957,38.200,52.857,40.661,58.166,,,,,,,,,,
ghg_incLUC,1958,36.974,52.051,39.530,57.496,,,,,,,,,,
ghg_incLUC,1959,35.531,51.632,39.173,56.280,,,,,,,,,,
ghg_incLUC,1960,37.359,53.048,39.606,56.720,,,,,,,,,,
ghg_incLUC,1961,37.461,53.431,39.463,56.569,,,,,,,,,,
ghg_incLUC,1962,39.093,54.382,40.318,57.629,,,,,,,,,,
ghg_incLUC,1963,39.460,55.042,40.739,58.155,,,,,,,,,,
ghg_incLUC,1964,40.237,55.861,41.042,58.551,,,,,,,,,,
ghg_incLUC,1965,40.748,56.431,41.042,58.508,,,,,,,,,,
ghg_incLUC,1966,41.213,56.947,41.314,58.596,,,,,,,,,,
ghg_incLUC,1967,43.044,58.824,41.959,59.284,,,,,,,,,,
ghg_incLUC,1968,43.735,59.664,42.811,59.991,,,,,,,,,,
ghg_incLUC,1969,41.906,57.163,43.327,60.199,,,,,,,,,,
ghg_incLUC,1970,41.681,57.280,43.481,59.897,,,,,,,,,,
ghg_incLUC,1971,42.124,57.760,43.111,59.859,,,,,,,,,,
ghg_incLUC,1972,41.483,56.992,43.484,60.294,,,,,,,,,,
ghg_incLUC,1973,41.732,57.445,43.494,60.162,,,,,,,,,,
ghg_incLUC,1974,40.897,57.037,42.605,59.595,,,,,,,,,,
ghg_incLUC,1975,39.804,56.492,41.129,58.653,,,,,,,,,,
ghg_incLUC,1976,40.201,57.054,41.388,58.767,,,,,,,,,,
ghg_incLUC,1977,39.491,56.145,40.878,58.319,,,,,,,,,,
ghg_incLUC,1978,38.916,55.754,40.701,58.172,,,,,,,,,,
ghg_incLUC,1979,39.758,56.560,40.860,58.091,,,,,,,,,,
ghg_incLUC,1980,38.950,56.515,40.099,57.867,,,,,,,,,,
ghg_incLUC,1981,38.573,55.812,39.516,57.138,,,,,,,,,,
ghg_incLUC,1982,37.486,55.247,37.385,54.949,,,,,,,,,,
ghg_incLUC,1983,36.794,54.455,36.687,54.199,,,,,,,,,,
ghg_incLUC,1984,36.086,53.332,36.472,53.725,,,,,,,,,,
ghg_incLUC,1985,35.069,52.596,35.789,53.361,,,,,,,,,,
ghg_incLUC,1986,34.219,51.567,35.235,52.794,,,,,,,,,,
ghg_incLUC,1987,34.563,51.804,35.179,52.491,,,,,,,,,,
ghg_incLUC,1988,34.880,51.918,35.254,52.139,,,,,,,,,,
ghg_incLUC,1989,35.208,51.693,35.342,51.668,,,,,,,,,,
ghg_incLUC,1990,36.118,52.475,37.823,52.750,,,,,,,38.118,52.259,,
ghg_incLUC,1991,35.615,50.891,37.327,50.487,,,,,,,37.787,51.399,,
ghg_incLUC,1992,36.110,49.641,38.013,49.298,,,,,,,37.705,49.857,,
ghg_incLUC,1993,36.138,48.851,38.060,48.055,,,,,,,38.364,48.529,,
ghg_incLUC,1994,35.374,46.474,41.674,50.388,,,,,,,38.479,48.142,,
ghg_incLUC,1995,35.556,46.185,40.519,48.293,,,,,,,37.941,47.164,,
ghg_incLUC,1996,35.358,46.508,40.951,49.276,,,,,,,37.631,46.010,,
ghg_incLUC,1997,33.869,43.293,41.671,48.809,,,,,,,38.731,46.482,,
ghg_incLUC,1998,35.252,44.809,40.960,48.534,,,,,,,38.834,44.796,,
ghg_incLUC,1999,35.228,44.612,41.192,47.378,,,,,,,37.974,45.186,,
ghg_incLUC,2000,35.779,44.788,41.886,48.316,,,,,,,37.269,45.027,,
ghg_incLUC,2001,35.612,44.824,41.104,47.340,,,,,,,37.295,43.719,,
ghg_incLUC,2002,34.692,43.462,40.027,46.077,,,,,,,37.154,42.854,,
ghg_incLUC,2003,33.192,41.806,37.298,43.492,,,,,,,35.256,41.799,,
ghg_incLUC,2004,33.200,41.738,36.126,41.058,,,,,,,33.911,39.642,,
ghg_incLUC,2005,32.710,41.309,35.822,40.977,,,,,,,32.579,38.203,,
ghg_incLUC,2006,30.936,39.572,34.951,40.266,,,,,,,32.404,38.111,,
ghg_incLUC,2007,30.901,39.750,35.061,40.325,,,,,,,32.318,38.080,,
ghg_incLUC,2008,29.853,38.403,33.520,38.962,,,,,,,30.166,36.144,,
ghg_incLUC,2009,27.633,36.131,32.303,37.015,,,,,,,28.216,33.180,,
ghg_incLUC,2010,27.724,36.435,32.064,36.977,,,,,,,27.683,32.721,,
ghg_incLUC,2011,26.272,34.500,29.452,35.255,,,,,,,28.152,33.411,,
ghg_incLUC,2012,25.449,34.063,28.197,34.833,,,,,,,26.775,31.898,,
ghg_incLUC,2013,25.403,33.646,28.692,33.954,,,,,,,24.855,29.732,,
ghg_incLUC,2014,25.004,32.891,27.842,33.353,,,,,,,24.387,29.193,,
ghg_incLUC,2015,24.537,32.931,26.886,32.284,,,,,,,24.080,28.588,,
ghg_incLUC,2016,24.785,33.442,26.389,32.253,,,,,,,23.221,27.944,,
ghg_incLUC,2017,24.580,33.221,26.132,31.817,,,,,,,24.233,28.993,,
ghg_incLUC,2018,24.401,32.911,26.095,32.180,,,,,,,24.046,29.378,,
ghg_incLUC,2019,23.571,31.858,25.029,31.182,,,,,,,22.797,28.016,,
ghg_incLUC,2020,22.427,30.676,23.914,29.655,,,,,,,21.138,26.151,,
ghg_incLUC,2021,22.664,30.997,23.357,29.860,,,,,,,21.556,27.038,,
ghg_incLUC,2022,22.128,30.270,22.773,27.813,,,,,,,21.298,26.101,,
ghg_incLUC,2023,21.237,29.359,21.692,26.653,,,,,,,22.238,26.857,,
ghg_incLUC,2024,20.895,29.057,24.325,32.229,,,,,,,20.161,24.978,,
