measure,year,usa,euro_a2,other_a2,other_ai,chn,ind,nai_g20,other_non_ai
co2_excLUC,1850,19.793,173.474,0.171,3.300,,,,0.110
co2_excLUC,1851,24.633,170.125,0.176,3.734,,,,0.110
co2_excLUC,1852,26.791,175.959,0.190,4.474,,,,0.181
co2_excLUC,1853,30.162,182.043,0.255,4.661,,,,0.117
co2_excLUC,1854,33.159,216.352,0.308,5.214,,,,0.005
co2_excLUC,1855,38.161,215.163,0.366,6.371,,,,0.199
co2_excLUC,1856,40.037,229.988,0.478,6.793,,,0.252,0.697
co2_excLUC,1857,41.055,231.068,0.547,7.262,,,0.317,0.932
co2_excLUC,1858,41.649,233.010,0.604,8.506,,0.394,0.353,1.031
co2_excLUC,1859,45.320,246.334,0.800,8.326,,0.636,0.415,0.741
co2_excLUC,1860,47.438,272.561,0.981,9.245,,0.643,0.481,0.949
co2_excLUC,1861,45.679,290.214,1.019,10.256,,0.497,0.472,1.052
co2_excLUC,1862,47.449,292.896,1.348,12.137,,0.550,0.430,1.181
co2_excLUC,1863,54.810,307.138,1.424,14.085,,0.610,0.509,0.959
co2_excLUC,1864,58.657,330.665,1.746,15.954,,0.577,0.538,1.389
co2_excLUC,1865,58.822,353.422,1.992,17.935,,0.567,0.681,1.432
co2_excLUC,1866,59.232,363.637,2.522,20.138,,0.640,0.823,2.075
co2_excLUC,1867,72.866,379.499,2.834,22.522,,,0.672,2.422
co2_excLUC,1868,82.352,381.770,2.489,24.574,,,0.915,2.393
co2_excLUC,1869,93.696,398.852,2.168,26.741,,,0.783,2.491
co2_excLUC,1870,98.620,402.806,2.644,28.728,,,0.869,2.456
co2_excLUC,1871,103.021,426.523,3.247,33.372,,,1.031,2.583
co2_excLUC,1872,126.305,460.755,3.516,35.976,,,1.053,3.355
co2_excLUC,1873,139.507,484.549,3.579,38.144,,,1.250,3.438
co2_excLUC,1874,134.297,443.256,4.335,41.493,,,1.253,4.029
co2_excLUC,1875,135.748,492.288,5.459,42.639,,,1.107,3.808
co2_excLUC,1876,132.820,495.725,5.419,51.599,,,1.008,4.012
co2_excLUC,1877,147.176,494.874,5.684,51.427,,,1.026,3.846
co2_excLUC,1878,143.904,496.289,6.709,55.681,,1.767,1.092,4.208
co2_excLUC,1879,175.469,510.351,7.583,59.236,,1.684,1.080,4.391
co2_excLUC,1880,198.856,578.245,10.654,62.491,,1.887,1.206,4.888
co2_excLUC,1881,210.401,593.344,11.647,64.461,,1.839,1.397,5.083
co2_excLUC,1882,235.664,613.372,13.409,66.820,,2.196,1.371,5.326
co2_excLUC,1883,254.231,645.190,15.216,73.556,,2.441,1.735,5.495
co2_excLUC,1884,267.922,637.954,17.147,76.182,,2.730,2.034,5.794
co2_excLUC,1885,272.507,636.400,17.593,80.232,,2.459,2.077,6.221
co2_excLUC,1886,287.837,633.418,18.412,82.498,,2.772,2.156,5.895
co2_excLUC,1887,307.937,658.054,20.884,85.259,,3.066,2.744,6.340
co2_excLUC,1888,374.415,695.156,25.453,92.390,,3.410,2.795,7.723
co2_excLUC,1889,336.124,725.516,25.109,99.199,,4.022,4.261,7.867
co2_excLUC,1890,402.412,756.422,26.043,106.177,,4.432,3.934,7.837
co2_excLUC,1891,428.107,779.128,30.441,113.908,,4.772,4.578,8.664
co2_excLUC,1892,451.177,765.435,29.927,113.891,,5.247,6.122,8.737
co2_excLUC,1893,454.759,732.782,30.743,122.000,,5.543,7.263,10.089
co2_excLUC,1894,425.745,802.988,33.335,124.663,,5.617,8.725,11.156
co2_excLUC,1895,480.673,817.992,34.132,134.292,,7.035,10.142,11.698
co2_excLUC,1896,481.673,855.526,36.501,140.326,,7.608,11.665,12.152
co2_excLUC,1897,501.200,894.119,38.124,151.102,,8.253,13.166,12.441
co2_excLUC,1898,546.327,914.817,43.490,163.930,,9.125,14.865,14.413
co2_excLUC,1899,626.823,974.250,47.315,174.839,,10.054,15.158,15.985
co2_excLUC,1900,664.132,1020.534,52.648,184.927,,11.929,11.342,17.372
co2_excLUC,1901,723.192,1002.152,61.299,192.620,,13.179,15.074,18.112
co2_excLUC,1902,766.652,1006.955,65.029,188.842,,14.515,17.045,17.918
co2_excLUC,1903,896.953,1052.920,68.141,192.083,,14.802,21.532,18.161
co2_excLUC,1904,884.803,1067.103,77.126,201.204,,16.561,24.291,19.166
co2_excLUC,1905,989.991,1104.253,80.910,201.508,,16.930,27.845,19.133
co2_excLUC,1906,1039.964,1129.267,88.462,218.032,,19.549,31.834,21.870
co2_excLUC,1907,1208.486,1253.711,101.635,239.185,19.894,21.772,34.278,25.988
co2_excLUC,1908,1057.522,1270.159,105.985,246.920,22.736,24.908,35.243,26.923
co2_excLUC,1909,1171.651,1263.490,102.487,255.358,24.252,24.142,37.447,28.285
co2_excLUC,1910,1278.530,1286.691,113.616,251.892,25.009,23.487,41.975,29.074
co2_excLUC,1911,1265.776,1311.695,128.615,262.614,24.631,24.782,48.053,31.042
co2_excLUC,1912,1351.018,1343.051,142.625,289.259,17.029,28.521,48.126,34.301
co2_excLUC,1913,1450.855,1457.180,160.612,308.080,24.252,31.466,53.957,38.443
co2_excLUC,1914,1325.944,1305.263,156.401,269.238,26.718,31.698,49.328,33.159
co2_excLUC,1915,1375.452,1235.379,141.159,257.487,25.421,33.141,49.085,30.908
co2_excLUC,1916,1527.240,1282.115,159.947,278.478,30.131,33.517,53.960,34.845
co2_excLUC,1917,1679.331,1253.745,178.678,279.054,32.023,35.019,63.204,35.445
co2_excLUC,1918,1754.117,1194.552,188.970,199.617,34.748,39.359,65.995,28.727
co2_excLUC,1919,1486.433,1092.785,181.599,89.518,37.997,42.974,79.544,30.263
co2_excLUC,1920,1747.167,1218.853,188.522,162.882,40.278,34.867,121.207,32.980
co2_excLUC,1921,1432.479,1097.289,174.577,165.788,38.763,37.505,133.280,35.312
co2_excLUC,1922,1446.013,1237.389,169.122,168.199,39.972,36.903,126.717,40.403
co2_excLUC,1923,1909.034,1185.436,198.409,157.780,46.518,37.971,121.541,46.306
co2_excLUC,1924,1711.687,1378.883,188.912,172.020,48.846,40.627,122.534,52.634
co2_excLUC,1925,1758.185,1365.354,190.980,169.355,45.955,40.084,113.126,57.594
co2_excLUC,1926,1906.048,1124.594,201.220,195.664,43.660,39.942,102.550,63.728
co2_excLUC,1927,1862.839,1449.956,217.246,231.409,45.809,41.883,93.944,69.861
co2_excLUC,1928,1830.965,1440.383,219.901,248.783,47.591,40.072,87.300,81.315
co2_excLUC,1929,1963.506,1556.415,225.711,276.690,48.282,41.707,90.866,85.033
co2_excLUC,1930,1744.916,1447.431,211.278,289.292,49.558,42.399,85.775,87.444
co2_excLUC,1931,1484.959,1309.270,180.543,312.087,51.905,38.850,76.779,84.926
co2_excLUC,1932,1257.814,1193.917,174.777,314.033,50.269,36.129,74.201,91.451
co2_excLUC,1933,1348.877,1221.694,189.153,332.905,54.111,35.467,79.707,100.769
co2_excLUC,1934,1436.239,1318.270,211.308,383.740,62.383,39.610,87.231,117.406
co2_excLUC,1935,1492.321,1367.280,218.287,418.963,72.646,41.393,93.915,130.936
co2_excLUC,1936,1713.412,1426.593,238.702,469.476,75.477,40.684,100.507,143.078
co2_excLUC,1937,1792.610,1566.027,257.051,488.452,70.969,45.067,110.812,165.725
co2_excLUC,1938,1515.750,1546.562,255.221,518.045,61.366,50.379,113.945,168.350
co2_excLUC,1939,1670.920,1591.491,265.196,519.161,74.427,49.311,116.560,183.065
co2_excLUC,1940,1874.985,1532.193,301.971,714.267,90.791,52.309,117.880,200.265
co2_excLUC,1941,2043.585,1515.101,319.092,659.557,113.979,53.580,116.449,177.748
co2_excLUC,1942,2198.265,1506.028,325.992,517.043,127.613,53.529,99.231,154.823
co2_excLUC,1943,2272.059,1491.003,335.264,551.102,108.995,46.644,110.490,159.717
co2_excLUC,1944,2444.904,1320.106,325.636,621.012,103.004,47.695,107.723,192.406
co2_excLUC,1945,2359.552,802.450,251.935,466.855,55.892,52.873,111.748,188.005
co2_excLUC,1946,2257.494,1115.760,239.401,565.266,36.107,52.224,129.814,212.479
co2_excLUC,1947,2485.854,1285.971,263.808,637.914,41.836,53.179,151.334,245.307
co2_excLUC,1948,2582.559,1396.220,299.104,678.969,38.400,53.203,147.955,251.473
co2_excLUC,1949,2164.862,1486.009,297.115,768.079,62.081,56.187,154.742,214.958
co2_excLUC,1950,2541.485,1538.604,320.879,832.948,78.835,60.943,158.157,267.842
co2_excLUC,1951,2618.704,1714.344,355.284,904.930,102.115,63.806,168.894,298.110
co2_excLUC,1952,2551.216,1730.899,361.497,972.105,128.003,67.249,185.260,313.343
co2_excLUC,1953,2612.971,1744.784,378.034,1037.959,133.786,68.608,186.283,324.935
co2_excLUC,1954,2489.462,1832.742,382.621,1126.097,160.881,72.307,197.720,363.823
co2_excLUC,1955,2728.508,1971.386,392.823,1248.056,190.521,78.694,225.577,420.251
co2_excLUC,1956,2859.988,2071.097,435.749,1357.473,215.828,81.619,241.288,461.153
co2_excLUC,1957,2835.772,2094.430,456.874,1480.616,255.789,91.618,255.233,491.277
co2_excLUC,1958,2747.108,2046.755,451.685,1566.719,524.624,95.801,266.720,509.671
co2_excLUC,1959,2831.908,2044.248,470.789,1648.270,720.163,101.436,277.663,546.852
co2_excLUC,1960,2897.308,2217.300,524.518,1724.824,798.811,111.320,293.115,583.103
co2_excLUC,1961,2886.862,2292.710,575.895,1793.157,570.641,120.399,311.640,602.170
co2_excLUC,1962,2993.898,2421.246,602.376,1894.518,459.625,132.580,323.151,648.799
co2_excLUC,1963,3126.484,2554.040,644.390,2031.873,456.787,142.439,332.355,694.372
co2_excLUC,1964,3264.306,2649.939,713.567,2164.621,460.644,139.483,357.648,762.896
co2_excLUC,1965,3399.539,2687.098,766.178,2268.446,500.294,153.697,372.248,841.154
co2_excLUC,1966,3571.417,2753.388,808.591,2376.755,549.467,159.371,396.071,899.153
co2_excLUC,1967,3705.461,2769.400,907.460,2475.371,460.233,159.557,440.402,946.716
co2_excLUC,1968,3840.923,2920.821,1008.071,2569.045,495.514,174.071,471.900,1030.738
co2_excLUC,1969,4035.156,3094.006,1111.643,2696.319,607.694,177.411,517.741,1109.325
co2_excLUC,1970,4339.704,3210.259,1273.023,2852.718,807.964,181.724,574.447,1224.730
co2_excLUC,1971,4365.483,3280.567,1318.131,3010.399,909.210,191.965,642.999,1326.051
co2_excLUC,1972,4573.034,3371.689,1411.655,3155.110,968.636,203.037,681.717,1369.983
co2_excLUC,1973,4777.725,3528.454,1483.907,3286.274,1008.269,209.096,760.532,1499.255
co2_excLUC,1974,4608.462,3434.356,1488.880,3399.729,1028.063,215.854,795.199,1540.994
co2_excLUC,1975,4414.455,3289.892,1457.977,3583.649,1183.154,234.210,813.112,1566.991
co2_excLUC,1976,4621.539,3511.404,1497.593,3741.474,1226.339,244.750,887.230,1696.009
co2_excLUC,1977,4749.501,3440.900,1545.571,3876.159,1340.715,258.962,961.057,1739.062
co2_excLUC,1978,4897.339,3524.528,1529.695,4011.006,1492.517,263.150,1025.640,1827.645
co2_excLUC,1979,4908.766,3668.169,1607.648,4037.536,1525.417,276.285,1123.221,1906.690
co2_excLUC,1980,4730.218,3536.609,1613.248,4175.273,1494.298,291.714,1189.281,1934.838
co2_excLUC,1981,4543.633,3354.009,1590.371,4071.865,1476.280,314.969,1229.091,1889.370
co2_excLUC,1982,4311.918,3229.744,1551.450,4148.940,1606.239,325.383,1263.239,1921.443
co2_excLUC,1983,4346.381,3177.190,1518.402,4204.730,1693.747,352.205,1255.466,1996.898
co2_excLUC,1984,4479.379,3186.980,1602.630,4245.983,1844.213,361.569,1294.714,2083.629
co2_excLUC,1985,4495.378,3254.132,1583.418,4509.150,1997.193,397.601,1354.380,2187.748
co2_excLUC,1986,4498.136,3240.122,1565.750,4542.641,2103.430,426.318,1428.079,2241.389
co2_excLUC,1987,4691.930,3258.670,1591.953,4562.760,2256.629,455.355,1454.895,2307.888
co2_excLUC,1988,4897.776,3249.498,1706.554,4602.697,2424.444,491.700,1522.996,2478.783
co2_excLUC,1989,4960.238,3329.456,1766.478,4500.591,2462.150,540.662,1551.486,2525.201
co2_excLUC,1990,5131.761,3487.492,1916.422,4572.125,2483.534,577.987,1547.998,2466.955
co2_excLUC,1991,5076.413,3518.193,1921.936,4283.803,2619.143,615.388,1697.958,2930.086
co2_excLUC,1992,5178.770,3445.848,1951.435,3722.405,2731.290,655.424,1764.112,2517.323
co2_excLUC,1993,5279.520,3386.778,1949.926,3515.147,2914.284,677.262,1863.292,2606.228
co2_excLUC,1994,5361.863,3385.232,2023.125,3166.409,3093.891,714.043,1928.847,2716.358
co2_excLUC,1995,5425.837,3420.298,2060.130,3120.444,3351.197,760.480,1967.206,2793.788
co2_excLUC,1996,5601.094,3502.691,2097.604,3096.563,3499.311,823.602,2069.383,2874.713
co2_excLUC,1997,5673.144,3440.126,2114.503,2964.318,3512.350,857.976,2143.059,2971.562
co2_excLUC,1998,5736.360,3489.122,2094.824,2883.905,3355.336,875.783,2056.508,3057.619
co2_excLUC,1999,5800.281,3472.866,2157.299,2830.104,3549.949,961.194,2176.511,3116.146
co2_excLUC,2000,6023.158,3496.774,2209.002,2815.765,3643.810,987.065,2283.980,3268.411
co2_excLUC,2001,5903.562,3552.297,2196.940,2867.391,3724.114,1001.198,2357.020,3312.967
co2_excLUC,2002,5947.819,3546.818,2236.621,2842.591,4098.181,1032.750,2370.694,3393.012
co2_excLUC,2003,6006.440,3607.377,2272.039,2933.721,4835.251,1068.398,2494.905,3605.298
co2_excLUC,2004,6111.545,3613.356,2273.219,2958.477,5210.961,1134.611,2648.380,3756.009
co2_excLUC,2005,6126.903,3604.433,2279.291,2997.658,5881.991,1195.393,2664.023,3910.032
co2_excLUC,2006,6045.326,3600.551,2258.433,3115.630,6486.185,1293.321,2759.301,4044.809
co2_excLUC,2007,6121.542,3528.753,2324.209,3163.257,6974.663,1393.485,2835.566,4109.526
co2_excLUC,2008,5919.221,3457.829,2244.666,3160.628,7492.404,1490.366,2935.352,4291.012
co2_excLUC,2009,5486.104,3177.763,2142.954,2939.435,7881.491,1613.328,2943.370,4314.520
co2_excLUC,2010,5669.250,3266.842,2205.211,3072.638,8610.048,1678.530,3145.501,4597.622
co2_excLUC,2011,5538.973,3115.632,2262.129,3169.502,9520.153,1765.695,3273.506,4728.344
co2_excLUC,2012,5331.467,3094.072,2304.805,3167.976,9767.311,1926.986,3401.538,4866.486
co2_excLUC,2013,5473.436,3033.700,2313.534,3061.716,9942.371,1995.337,3383.887,4961.642
co2_excLUC,2014,5531.385,2870.466,2253.219,3021.013,9976.027,2148.052,3423.251,5126.432
co2_excLUC,2015,5368.497,2904.191,2219.379,3006.781,9858.040,2231.817,3466.774,5195.429
co2_excLUC,2016,5245.362,2868.470,2197.441,3040.226,9748.175,2352.540,3444.700,5326.837
co2_excLUC,2017,5195.417,2853.677,2200.121,3112.713,10000.014,2425.722,3458.691,5527.138
co2_excLUC,2018,5361.236,2783.139,2164.108,3159.098,10346.790,2595.227,3511.022,5577.007
co2_excLUC,2019,5235.912,2658.189,2132.706,3090.289,10713.515,2611.175,3615.601,5789.607
co2_excLUC,2020,4689.954,2381.765,1994.148,2965.102,10896.521,2422.732,3351.350,5617.109
co2_excLUC,2021,5020.111,2523.090,2019.049,3104.740,11284.401,2675.778,3517.476,5843.135
co2_excLUC,2022,5055.403,2447.912,1993.347,2996.886,11711.808,2831.132,3578.299,5947.317
co2_excLUC,2023,4918.407,2259.947,1948.265,3022.502,12172.009,3062.756,3586.235,6041.169
co2_excLUC,2024,4904.120,2226.809,1914.419,3077.328,12289.037,3193.478,3642.922,6158.003
co2_incLUC,1850,781.132,405.234,104.569,803.946,194.760,277.320,170.350,895.431
co2_incLUC,1851,846.440,392.022,109.322,809.817,190.902,213.774,231.629,990.033
co2_incLUC,1852,876.400,390.680,113.123,850.142,184.384,180.308,276.599,1042.298
co2_incLUC,1853,924.091,392.753,116.185,826.144,176.293,160.908,289.409,1083.757
co2_incLUC,1854,954.725,423.599,120.690,853.128,171.671,147.185,296.373,1090.640
co2_incLUC,1855,976.434,416.494,126.022,858.374,166.042,136.086,332.964,1119.208
co2_incLUC,1856,995.899,425.898,125.153,864.335,160.175,128.613,322.883,1150.456
co2_incLUC,1857,1020.175,422.760,128.249,874.991,156.438,125.334,328.905,1166.271
co2_incLUC,1858,1049.084,420.427,130.722,876.586,150.384,120.039,339.845,1165.303
co2_incLUC,1859,1084.939,426.466,133.921,882.401,146.257,115.918,351.573,1174.224
co2_incLUC,1860,975.723,460.729,145.875,837.434,131.183,115.255,342.265,908.476
co2_incLUC,1861,892.159,478.627,151.581,836.623,111.035,111.724,353.156,811.005
co2_incLUC,1862,881.181,486.646,155.351,826.791,101.231,108.871,328.414,743.519
co2_incLUC,1863,882.498,503.284,158.042,812.418,94.293,108.454,328.112,710.889
co2_incLUC,1864,858.173,529.240,162.161,849.707,87.451,106.649,348.070,695.200
co2_incLUC,1865,828.190,552.422,166.301,830.342,64.219,105.228,348.151,670.333
co2_incLUC,1866,812.235,564.358,168.082,867.452,56.935,105.733,336.402,668.424
co2_incLUC,1867,826.462,588.975,170.556,819.236,46.577,106.540,338.222,656.628
co2_incLUC,1868,819.502,590.061,173.263,834.899,39.264,103.665,346.232,636.105
co2_incLUC,1869,806.616,604.750,176.960,841.239,30.817,103.594,348.661,645.912
co2_incLUC,1870,1142.075,613.289,173.975,933.064,38.830,103.510,354.419,696.947
co2_incLUC,1871,1279.658,637.829,178.402,921.956,37.896,102.283,336.767,720.230
co2_incLUC,1872,1379.233,672.342,180.185,973.663,41.183,104.953,349.755,765.273
co2_incLUC,1873,1473.763,700.262,181.255,964.945,38.073,104.165,348.227,769.332
co2_incLUC,1874,1533.171,663.059,181.555,1007.809,38.274,104.037,346.211,782.052
co2_incLUC,1875,1579.407,712.102,185.107,998.076,29.769,104.022,358.356,771.174
co2_incLUC,1876,1619.675,715.825,188.562,1021.325,32.824,105.060,345.410,778.542
co2_incLUC,1877,1685.217,715.597,191.848,1034.141,36.915,103.796,357.054,794.741
co2_incLUC,1878,1731.820,716.965,192.151,1055.334,33.596,105.653,355.247,795.562
co2_incLUC,1879,1813.285,728.392,195.743,1070.969,37.934,105.399,355.626,783.051
co2_incLUC,1880,1683.035,800.447,204.775,1103.789,56.244,109.429,390.189,867.540
co2_incLUC,1881,1609.447,807.746,206.430,1114.450,73.696,110.730,397.134,905.753
co2_incLUC,1882,1636.283,828.554,212.722,1136.122,83.281,115.262,407.342,942.936
co2_incLUC,1883,1665.011,859.321,220.686,1155.630,88.308,114.528,415.573,959.463
co2_incLUC,1884,1657.432,849.353,220.881,1182.395,92.218,115.849,409.064,967.247
co2_incLUC,1885,1638.913,843.837,223.072,1202.292,87.789,116.144,425.711,967.852
co2_incLUC,1886,1650.287,838.287,225.996,1190.608,100.736,117.385,417.280,975.889
co2_incLUC,1887,1690.801,869.199,231.905,1181.501,106.752,117.987,432.328,994.465
co2_incLUC,1888,1742.276,904.444,238.142,1202.153,111.333,118.649,438.644,970.662
co2_incLUC,1889,1680.434,932.096,240.723,1222.977,120.059,119.336,446.406,1002.302
co2_incLUC,1890,1830.081,972.246,246.069,1360.469,142.518,118.679,480.161,1025.129
co2_incLUC,1891,1876.243,998.216,253.318,1390.366,154.217,118.590,510.518,1020.910
co2_incLUC,1892,1892.464,985.007,252.186,1405.249,151.921,117.746,531.294,969.309
co2_incLUC,1893,1928.628,955.752,256.112,1409.308,156.417,117.826,526.102,969.094
co2_incLUC,1894,1903.473,1028.526,263.217,1462.616,163.753,116.989,546.173,968.421
co2_incLUC,1895,1956.694,1042.968,267.842,1450.631,161.597,119.043,550.488,974.908
co2_incLUC,1896,1969.800,1079.941,274.365,1457.453,168.372,119.325,557.201,953.426
co2_incLUC,1897,2004.632,1117.980,279.268,1488.015,180.255,119.860,567.408,968.447
co2_incLUC,1898,2071.625,1138.084,282.791,1517.759,185.791,121.288,567.911,940.237
co2_incLUC,1899,2173.549,1194.437,289.105,1527.314,189.061,121.070,573.006,946.694
co2_incLUC,1900,2137.942,1252.349,348.055,1614.958,214.115,118.660,602.203,929.437
co2_incLUC,1901,2160.345,1229.767,379.062,1709.063,237.026,117.017,638.765,989.842
co2_incLUC,1902,2202.334,1235.101,396.755,1733.679,243.179,119.041,647.911,1013.453
co2_incLUC,1903,2310.262,1279.907,415.159,1794.317,250.113,116.541,677.962,992.338
co2_incLUC,1904,2314.178,1297.975,441.155,1843.707,256.211,117.772,683.042,1025.593
co2_incLUC,1905,2402.203,1336.543,456.522,1901.125,261.763,117.168,688.986,1006.466
co2_incLUC,1906,2437.253,1360.798,475.055,1947.083,271.361,118.450,697.450,1046.432
co2_incLUC,1907,2608.938,1484.700,497.081,2007.678,297.909,119.471,709.799,995.018
co2_incLUC,1908,2458.821,1501.127,511.479,2049.823,305.755,121.715,711.931,989.950
co2_incLUC,1909,2580.517,1493.199,520.546,2099.701,319.785,120.096,723.740,989.870
co2_incLUC,1910,2613.478,1498.469,540.636,1671.557,337.478,122.906,777.840,1095.894
co2_incLUC,1911,2574.106,1523.415,564.605,1545.029,357.221,126.199,794.912,1140.652
co2_incLUC,1912,2594.067,1542.033,588.825,1496.804,355.018,129.278,801.534,1137.573
co2_incLUC,1913,2689.281,1651.913,608.333,1403.214,360.226,132.710,821.126,1173.257
co2_incLUC,1914,2567.684,1491.685,619.577,1281.632,386.096,132.342,828.988,1193.714
co2_incLUC,1915,2589.271,1416.642,600.406,1189.600,393.329,134.976,838.831,1195.195
co2_incLUC,1916,2717.951,1457.454,638.959,1199.674,398.861,134.804,848.254,1185.327
co2_incLUC,1917,2866.900,1423.149,648.359,1099.364,412.897,135.854,848.344,1193.659
co2_incLUC,1918,2949.757,1362.930,676.847,928.597,420.721,140.148,859.846,1189.543
co2_incLUC,1919,2653.395,1252.122,674.523,778.787,423.349,144.024,882.518,1200.870
co2_incLUC,1920,2925.629,1375.569,706.907,1043.211,411.693,290.826,986.689,1403.180
co2_incLUC,1921,2621.542,1262.433,706.629,1115.342,409.010,357.897,1043.554,1476.470
co2_incLUC,1922,2611.203,1402.855,729.827,1137.351,403.667,394.731,1059.397,1522.515
co2_incLUC,1923,3044.510,1343.686,757.084,1194.482,419.424,418.090,1077.201,1610.184
co2_incLUC,1924,2822.442,1529.727,761.275,1150.016,418.667,437.489,1094.807,1641.965
co2_incLUC,1925,2870.947,1516.309,765.349,1234.718,424.491,451.342,1089.485,1676.111
co2_incLUC,1926,2982.334,1270.506,784.523,1282.655,417.944,460.240,1099.706,1703.302
co2_incLUC,1927,2903.167,1589.268,797.387,1331.573,422.749,472.007,1094.422,1736.811
co2_incLUC,1928,2849.236,1580.344,805.269,1357.938,424.255,476.226,1103.784,1800.896
co2_incLUC,1929,2951.246,1696.223,814.401,1451.726,442.278,486.985,1120.348,1787.389
co2_incLUC,1930,2622.214,1578.776,741.937,1689.658,508.006,498.895,957.190,1872.798
co2_incLUC,1931,2318.163,1437.312,689.733,1804.397,537.990,499.268,878.391,1959.684
co2_incLUC,1932,2020.210,1323.672,671.029,1874.088,561.890,499.725,840.172,2019.204
co2_incLUC,1933,2067.994,1351.560,670.108,1896.195,577.957,504.866,817.128,2035.244
co2_incLUC,1934,2134.848,1444.847,688.253,1983.017,605.714,511.169,813.656,2086.978
co2_incLUC,1935,2137.059,1492.025,685.507,2070.028,628.795,515.303,794.730,2054.818
co2_incLUC,1936,2337.598,1548.821,704.315,2198.118,641.189,517.953,799.826,2136.083
co2_incLUC,1937,2374.095,1685.968,711.980,2231.994,643.815,526.926,802.873,2180.194
co2_incLUC,1938,2069.007,1675.217,709.149,2300.405,646.425,533.163,806.352,2181.764
co2_incLUC,1939,2194.627,1714.423,715.917,2308.670,671.810,535.614,807.617,2179.612
co2_incLUC,1940,2461.925,1632.856,732.104,2068.562,757.153,543.609,973.028,2546.188
co2_incLUC,1941,2656.124,1607.225,739.312,1818.758,813.396,549.157,1045.190,2754.862
co2_incLUC,1942,2821.315,1595.801,752.573,1498.249,850.018,551.131,1066.973,2846.511
co2_incLUC,1943,2903.702,1582.444,750.348,1403.567,858.917,546.931,1114.765,2926.937
co2_incLUC,1944,3081.118,1413.622,735.569,1317.670,866.714,554.043,1127.842,2999.128
co2_incLUC,1945,2996.044,893.128,665.442,1091.745,840.610,557.169,1154.977,3041.802
co2_incLUC,1946,2895.988,1201.943,651.159,1078.091,832.602,558.430,1187.863,3100.803
co2_incLUC,1947,3125.125,1371.091,667.022,1040.337,848.536,563.719,1227.359,3141.868
co2_incLUC,1948,3220.853,1477.717,700.988,985.923,850.676,562.684,1235.525,3169.656
co2_incLUC,1949,2757.419,1572.827,691.902,965.028,894.428,565.456,1237.071,3186.977
co2_incLUC,1950,3021.306,1613.966,857.264,1312.700,1211.441,696.349,1399.840,3653.147
co2_incLUC,1951,3036.741,1779.980,916.912,1540.946,1530.138,739.562,1501.333,3834.753
co2_incLUC,1952,2923.173,1819.153,975.388,1687.859,1211.560,768.911,1569.478,4103.778
co2_incLUC,1953,2959.124,1812.787,1027.911,1848.221,1139.985,785.623,1614.225,4238.877
co2_incLUC,1954,2829.958,1885.498,1053.292,2027.538,1445.859,804.328,1680.719,4438.271
co2_incLUC,1955,3051.351,2019.771,1091.847,2226.284,1407.169,817.186,1739.432,4655.289
co2_incLUC,1956,3176.263,2108.129,1135.589,2385.468,1266.081,830.757,1793.663,4854.104
co2_incLUC,1957,3125.924,2127.338,1206.480,2558.157,1271.169,848.053,1840.075,5098.040
co2_incLUC,1958,3017.412,2065.156,1198.747,2679.221,1198.365,862.853,1900.659,5294.937
co2_incLUC,1959,3027.856,2029.375,1253.918,3260.478,1230.392,874.842,1947.427,5662.695
co2_incLUC,1960,3089.734,2191.559,1221.929,2870.820,1252.417,581.361,1941.576,4955.205
co2_incLUC,1961,2959.336,2251.585,1284.000,2963.003,1550.939,781.840,2035.454,4378.745
co2_incLUC,1962,3222.992,2373.001,1189.034,2711.401,1528.225,524.893,2084.937,4278.769
co2_incLUC,1963,3240.189,2480.433,1270.933,2784.165,1663.522,493.801,2095.091,4144.771
co2_incLUC,1964,3352.256,2575.453,1365.391,2829.642,1509.978,485.777,2167.769,3968.550
co2_incLUC,1965,3448.509,2606.536,1460.837,2873.961,1851.614,473.982,2224.844,3463.740
co2_incLUC,1966,3599.453,2690.511,1388.772,2901.714,1624.666,561.750,2221.162,3346.027
co2_incLUC,1967,4218.675,2682.453,1690.017,3041.921,1236.434,571.822,2436.859,3300.829
co2_incLUC,1968,4706.649,2861.985,1534.144,3248.221,1378.632,437.837,2436.502,3249.737
co2_incLUC,1969,4499.217,2985.579,1588.438,3282.094,2183.609,486.366,2353.748,4042.059
co2_incLUC,1970,4679.831,3099.745,1654.347,3577.278,2144.013,378.055,2423.144,4107.594
co2_incLUC,1971,4645.622,3148.329,1733.636,3563.270,1791.824,429.567,2519.759,4251.626
co2_incLUC,1972,4815.046,3227.542,1702.033,3657.481,2523.558,589.247,2547.473,4311.668
co2_incLUC,1973,4982.725,3392.641,1767.348,3825.960,2408.264,551.571,2612.065,4309.432
co2_incLUC,1974,4816.063,3300.306,1776.695,3913.291,2408.896,522.450,2707.569,4332.148
co2_incLUC,1975,4606.758,3151.350,1805.727,4070.684,2387.824,477.742,2659.247,4370.001
co2_incLUC,1976,4822.122,3380.605,1838.609,4247.796,2248.830,438.824,2758.048,4502.668
co2_incLUC,1977,5085.063,3327.152,2007.480,4352.145,2932.454,662.515,2870.752,4433.233
co2_incLUC,1978,5157.039,3406.912,1935.759,4514.410,3356.299,531.022,3018.159,4307.293
co2_incLUC,1979,5151.457,3550.266,2020.613,4465.733,2655.638,463.032,3176.993,4205.300
co2_incLUC,1980,5004.162,3421.622,2045.059,4751.979,2590.112,492.450,3301.045,4207.484
co2_incLUC,1981,4809.907,3243.128,2034.152,4475.849,2495.795,550.137,3369.124,4181.447
co2_incLUC,1982,4574.375,3114.570,1908.072,4564.367,2595.124,484.772,3472.235,3858.434
co2_incLUC,1983,4622.544,3080.565,2023.484,4654.117,2638.257,688.350,3442.010,4131.623
co2_incLUC,1984,4763.996,3086.687,2022.189,4704.500,2732.806,566.465,4111.180,4558.518
co2_incLUC,1985,4787.102,3158.662,1915.067,4996.195,2804.722,569.399,4673.018,4623.504
co2_incLUC,1986,4729.213,3150.014,1877.289,5045.886,2893.621,639.579,5060.191,4662.434
co2_incLUC,1987,4958.268,3179.339,1854.899,4998.104,3012.525,599.055,4646.421,4686.209
co2_incLUC,1988,5180.027,3172.348,1943.497,5036.529,3200.636,731.148,4398.973,4628.212
co2_incLUC,1989,5244.004,3258.598,1982.543,4880.057,3249.375,723.039,4432.647,4500.665
co2_incLUC,1990,5430.979,3397.278,2153.317,4946.239,3287.290,763.268,4087.608,4456.726
co2_incLUC,1991,5326.940,3424.477,2106.608,4646.455,3382.494,764.378,4115.293,4958.740
co2_incLUC,1992,5373.542,3357.355,2226.040,3968.237,3568.019,839.244,4370.326,4758.752
co2_incLUC,1993,5457.463,3304.652,2233.674,3714.335,3740.732,825.363,4211.189,4862.916
co2_incLUC,1994,5592.579,3280.365,2295.396,3326.036,4030.471,844.836,4942.717,5482.660
co2_incLUC,1995,5539.863,3363.494,2504.240,3163.365,4191.634,865.059,4795.114,5426.230
co2_incLUC,1996,5696.057,3434.919,2575.027,3549.585,4380.182,1004.100,4701.885,5394.560
co2_incLUC,1997,5794.350,3372.116,2491.847,3002.405,4434.784,975.465,6686.093,5572.793
co2_incLUC,1998,5865.653,3441.258,2541.932,2964.558,4259.066,994.966,5170.921,5971.318
co2_incLUC,1999,5971.180,3417.831,2553.649,2927.443,4388.383,1057.837,5271.127,5785.209
co2_incLUC,2000,6178.960,3431.013,2709.575,2776.832,4278.039,1191.022,5136.726,5891.776
co2_incLUC,2001,5960.495,3478.711,2598.078,2776.206,4247.442,1161.141,4945.410,5689.739
co2_incLUC,2002,6074.147,3479.265,2551.818,2693.308,4514.709,1135.788,5564.682,6126.660
co2_incLUC,2003,6275.278,3555.619,2740.813,2877.594,5211.970,1197.958,6367.548,6821.790
co2_incLUC,2004,6326.843,3560.200,2699.714,2852.397,5597.693,1226.742,6023.101,6572.310
co2_incLUC,2005,6450.405,3578.941,2592.663,2909.499,6235.825,1260.411,5666.517,6506.960
co2_incLUC,2006,5995.966,3537.806,2493.846,3023.358,6852.419,1353.412,6177.654,6680.827
co2_incLUC,2007,6100.564,3532.924,2578.133,3166.648,7308.902,1510.536,5444.005,6892.648
co2_incLUC,2008,6016.564,3410.582,2700.082,3094.165,7839.840,1669.693,5414.266,7350.039
co2_incLUC,2009,5565.144,3135.968,2370.637,3152.650,8235.730,1725.534,5772.322,7789.694
co2_incLUC,2010,5839.446,3209.146,2846.639,3400.565,8576.551,1829.901,5520.325,8239.622
co2_incLUC,2011,5470.902,3109.621,2688.945,3193.375,9550.456,1895.794,5659.258,8696.877
co2_incLUC,2012,5377.555,3064.551,2621.878,3501.054,9792.885,2117.962,5929.513,8732.138
co2_incLUC,2013,5475.818,2999.105,2629.257,3259.894,9965.464,2256.901,6036.162,8591.666
co2_incLUC,2014,5606.269,2832.283,2503.163,3081.542,9843.435,2276.748,6296.565,9059.776
co2_incLUC,2015,5422.177,2882.655,2432.383,3403.093,9830.070,2408.592,6742.476,8399.337
co2_incLUC,2016,5350.548,2851.170,2444.353,3429.352,9603.557,2522.287,5656.259,8537.781
co2_incLUC,2017,5359.834,2851.363,2469.960,3483.862,9814.374,2537.584,5419.200,9046.743
co2_incLUC,2018,5460.887,2832.399,2376.606,3435.927,10168.790,2744.969,5536.784,8627.816
co2_incLUC,2019,5333.968,2664.662,2307.551,3292.223,10480.949,2706.537,6094.206,8576.664
co2_incLUC,2020,4776.492,2370.943,2233.633,3129.925,10632.837,2502.404,5533.263,8375.429
co2_incLUC,2021,5109.827,2555.481,2234.892,3298.030,10996.103,2738.219,5892.859,8356.517
co2_incLUC,2022,5173.412,2457.662,2174.816,3305.119,11414.118,2871.055,5901.571,8610.294
co2_incLUC,2023,5037.450,2263.001,2134.435,3333.228,11859.867,3084.633,5963.029,8624.292
co2_incLUC,2024,5016.179,2225.297,2087.254,3383.269,11969.620,3201.024,5926.613,8738.618
ghg_excLUC,1850,76.982,284.867,13.475,76.395,102.016,45.396,19.328,63.865
ghg_excLUC,1851,83.443,280.349,13.431,77.657,101.207,45.622,19.506,64.242
ghg_excLUC,1852,86.947,286.914,13.630,79.268,100.402,45.848,19.685,64.769
ghg_excLUC,1853,91.814,294.289,14.049,80.289,99.600,46.074,19.864,65.169
ghg_excLUC,1854,96.283,334.859,14.463,81.706,98.800,46.300,20.043,65.523
ghg_excLUC,1855,102.991,333.556,14.889,83.807,98.004,46.525,20.219,66.185
ghg_excLUC,1856,106.164,350.964,15.378,85.066,97.210,46.751,20.654,67.120
ghg_excLUC,1857,108.395,351.886,15.830,86.405,96.418,46.975,20.903,67.817
ghg_excLUC,1858,110.163,353.294,16.278,88.627,95.628,47.669,21.113,68.396
ghg_excLUC,1859,115.358,369.386,16.872,89.179,94.839,48.180,21.349,68.581
ghg_excLUC,1860,118.830,400.185,17.442,90.952,94.052,48.410,21.590,69.262
ghg_excLUC,1861,117.488,420.596,17.199,92.873,93.625,48.457,21.758,69.828
ghg_excLUC,1862,120.077,423.305,17.635,95.703,93.199,48.741,21.893,70.415
ghg_excLUC,1863,128.901,439.967,17.872,98.619,92.773,49.034,22.180,72.248
ghg_excLUC,1864,133.824,467.359,18.312,101.435,92.348,49.217,22.385,73.148
ghg_excLUC,1865,134.645,493.509,18.754,104.430,91.925,49.428,22.706,73.656
ghg_excLUC,1866,135.690,505.921,20.976,107.818,91.502,49.738,23.025,74.743
ghg_excLUC,1867,151.465,523.384,20.015,111.283,91.081,49.200,23.051,75.557
ghg_excLUC,1868,162.622,525.271,19.738,114.242,90.661,49.425,23.470,76.014
ghg_excLUC,1869,175.844,544.850,19.574,117.415,90.243,49.651,23.531,76.604
ghg_excLUC,1870,181.927,547.264,20.641,120.349,89.826,50.859,23.814,77.345
ghg_excLUC,1871,187.024,573.574,21.382,126.328,90.106,50.965,24.220,78.420
ghg_excLUC,1872,213.218,614.136,21.885,130.108,90.404,51.090,24.504,79.609
ghg_excLUC,1873,228.255,641.792,22.223,133.422,90.717,51.227,24.966,80.392
ghg_excLUC,1874,222.893,595.698,23.263,138.139,91.041,51.374,25.235,81.728
ghg_excLUC,1875,225.005,650.778,24.668,140.479,91.370,51.526,25.344,82.266
ghg_excLUC,1876,222.220,654.397,24.866,151.659,91.701,51.680,25.501,83.266
ghg_excLUC,1877,238.600,653.712,25.374,152.564,92.029,51.831,25.785,83.874
ghg_excLUC,1878,235.355,654.938,26.671,158.412,92.351,54.082,26.109,85.047
ghg_excLUC,1879,270.760,670.703,27.959,163.353,92.661,54.105,26.344,85.982
ghg_excLUC,1880,296.853,747.108,31.583,168.032,92.953,54.460,26.734,87.239
ghg_excLUC,1881,309.257,766.037,32.706,171.392,93.278,54.855,27.219,88.157
ghg_excLUC,1882,336.886,788.654,34.757,174.974,93.602,55.710,27.472,89.157
ghg_excLUC,1883,357.150,824.748,36.917,183.444,93.924,56.464,28.135,90.103
ghg_excLUC,1884,371.914,814.976,39.168,187.679,94.245,57.235,28.727,91.123
ghg_excLUC,1885,376.534,811.666,39.885,193.494,94.566,57.378,29.089,92.327
ghg_excLUC,1886,392.924,807.809,40.902,196.884,94.887,58.178,29.485,92.743
ghg_excLUC,1887,414.655,835.713,43.698,201.316,95.209,58.984,30.395,93.934
ghg_excLUC,1888,487.918,877.422,48.761,210.132,95.532,59.834,30.751,96.062
ghg_excLUC,1889,444.962,911.497,48.535,218.429,95.856,60.989,32.527,96.974
ghg_excLUC,1890,518.981,947.965,49.837,227.726,96.222,62.000,32.609,97.865
ghg_excLUC,1891,547.149,972.973,54.701,238.136,96.740,62.530,33.684,99.527
ghg_excLUC,1892,572.504,957.422,54.386,239.217,97.261,63.215,35.675,100.495
ghg_excLUC,1893,576.234,917.908,55.384,250.018,97.785,63.667,37.301,102.886
ghg_excLUC,1894,543.764,999.296,58.393,253.257,98.311,63.953,39.204,104.688
ghg_excLUC,1895,604.494,1015.965,59.474,266.714,98.841,65.758,41.173,106.279
ghg_excLUC,1896,604.922,1058.240,62.090,274.003,99.367,66.581,43.194,107.615
ghg_excLUC,1897,626.023,1101.955,64.061,287.990,99.897,67.455,45.234,108.938
ghg_excLUC,1898,675.603,1125.183,70.092,304.511,100.429,68.654,47.531,111.935
ghg_excLUC,1899,764.362,1193.160,74.278,318.812,100.982,69.899,48.113,114.527
ghg_excLUC,1900,805.237,1245.666,81.175,332.959,101.501,72.272,44.477,117.059
ghg_excLUC,1901,870.637,1224.143,90.800,344.005,102.087,73.727,49.346,119.382
ghg_excLUC,1902,918.675,1229.212,95.091,340.215,102.698,75.360,51.774,120.515
ghg_excLUC,1903,1063.174,1282.182,98.745,343.709,103.640,75.693,57.513,122.064
ghg_excLUC,1904,1049.461,1296.951,108.709,355.934,104.268,77.769,61.049,124.482
ghg_excLUC,1905,1166.004,1338.136,113.230,354.008,104.914,78.253,65.472,125.466
ghg_excLUC,1906,1221.837,1368.327,121.971,375.274,108.241,81.382,70.250,129.889
ghg_excLUC,1907,1408.857,1506.595,136.656,400.870,128.700,84.100,73.704,135.484
ghg_excLUC,1908,1241.809,1522.127,141.997,410.501,133.237,87.829,75.724,137.880
ghg_excLUC,1909,1368.433,1517.492,138.246,422.089,135.018,86.833,78.838,140.744
ghg_excLUC,1910,1486.891,1542.059,151.032,419.703,136.002,86.219,84.332,143.003
ghg_excLUC,1911,1472.960,1572.384,167.619,431.429,138.481,87.929,92.196,146.806
ghg_excLUC,1912,1567.657,1603.546,183.136,462.021,128.756,92.467,92.816,152.145
ghg_excLUC,1913,1678.185,1731.796,202.779,483.109,137.345,96.051,99.661,158.374
ghg_excLUC,1914,1539.851,1554.952,199.470,440.030,141.804,96.487,95.922,157.155
ghg_excLUC,1915,1594.845,1477.652,182.936,425.859,141.888,98.274,96.498,159.317
ghg_excLUC,1916,1762.790,1533.577,202.155,447.039,148.151,98.828,102.712,168.210
ghg_excLUC,1917,1931.198,1507.467,222.306,443.144,151.606,100.765,113.108,173.286
ghg_excLUC,1918,2014.269,1434.907,233.715,344.296,155.771,106.060,116.830,169.753
ghg_excLUC,1919,1716.996,1324.968,226.247,223.864,160.843,110.435,131.497,175.646
ghg_excLUC,1920,2004.747,1470.584,234.251,300.712,164.825,100.906,174.497,182.368
ghg_excLUC,1921,1655.952,1319.819,219.314,303.265,163.482,104.459,187.751,189.622
ghg_excLUC,1922,1670.021,1486.279,214.301,306.898,165.382,104.330,182.119,200.015
ghg_excLUC,1923,2181.966,1439.084,245.135,297.739,173.384,106.190,179.036,211.041
ghg_excLUC,1924,1963.162,1654.942,236.087,315.738,176.700,109.921,181.462,223.051
ghg_excLUC,1925,2014.332,1636.623,238.774,314.311,173.913,109.863,173.656,233.488
ghg_excLUC,1926,2177.821,1359.295,249.697,347.674,171.388,110.324,164.302,245.313
ghg_excLUC,1927,2128.510,1731.885,267.185,390.528,174.693,113.201,157.274,257.738
ghg_excLUC,1928,2092.612,1716.854,269.624,410.988,177.010,112.022,152.470,275.492
ghg_excLUC,1929,2238.159,1848.365,275.629,445.278,178.440,114.543,158.593,284.634
ghg_excLUC,1930,1996.730,1729.389,260.124,473.164,180.529,115.948,154.378,291.522
ghg_excLUC,1931,1709.789,1572.462,227.559,506.732,184.149,112.535,146.089,293.617
ghg_excLUC,1932,1459.295,1441.078,221.822,510.825,183.074,110.131,144.644,316.370
ghg_excLUC,1933,1559.749,1471.337,237.817,534.702,188.445,110.196,151.993,332.776
ghg_excLUC,1934,1656.348,1577.710,261.984,599.459,198.775,115.949,161.581,361.116
ghg_excLUC,1935,1718.037,1629.321,270.384,643.465,211.319,118.912,170.065,387.922
ghg_excLUC,1936,1961.894,1696.994,292.821,706.619,216.222,118.936,178.720,408.060
ghg_excLUC,1937,2048.535,1853.097,313.154,729.729,211.660,125.002,191.535,438.807
ghg_excLUC,1938,1743.169,1828.052,311.683,766.696,201.957,132.289,196.849,450.333
ghg_excLUC,1939,1914.712,1878.069,323.372,770.097,217.926,131.901,204.857,467.148
ghg_excLUC,1940,2140.127,1807.050,362.494,989.611,238.528,136.315,208.338,484.891
ghg_excLUC,1941,2329.606,1791.306,382.962,924.467,266.741,138.457,207.287,470.882
ghg_excLUC,1942,2505.238,1788.749,391.615,763.160,282.659,139.279,187.533,451.239
ghg_excLUC,1943,2590.846,1777.073,402.619,807.211,262.336,132.009,204.689,467.437
ghg_excLUC,1944,2785.878,1586.353,393.757,881.403,257.785,134.215,203.910,512.649
ghg_excLUC,1945,2697.027,1035.907,315.995,695.267,202.213,140.607,221.461,515.799
ghg_excLUC,1946,2589.939,1366.111,304.268,806.810,179.140,140.082,280.233,549.926
ghg_excLUC,1947,2848.102,1578.130,332.414,894.225,185.533,135.567,295.846,591.677
ghg_excLUC,1948,2960.427,1702.411,371.619,942.441,180.578,135.789,289.617,589.018
ghg_excLUC,1949,2507.907,1811.255,371.257,1047.384,210.820,139.544,301.201,557.882
ghg_excLUC,1950,2924.587,1867.748,400.378,1121.471,231.074,144.396,266.644,642.991
ghg_excLUC,1951,3015.985,2068.924,439.185,1206.369,261.299,148.214,276.331,683.830
ghg_excLUC,1952,2949.362,2092.107,447.860,1287.332,294.651,152.988,293.190,712.149
ghg_excLUC,1953,3026.226,2113.125,467.266,1366.605,304.319,155.254,292.970,735.605
ghg_excLUC,1954,2901.431,2217.009,474.801,1471.396,339.203,160.075,309.261,784.737
ghg_excLUC,1955,3175.532,2377.267,487.796,1616.546,377.009,167.989,345.953,900.065
ghg_excLUC,1956,3331.851,2497.136,535.788,1748.211,409.441,172.087,364.659,948.697
ghg_excLUC,1957,3318.299,2532.036,560.717,1893.950,459.551,184.516,383.777,1009.805
ghg_excLUC,1958,3236.199,2484.614,557.777,1995.788,778.211,190.228,397.891,1004.603
ghg_excLUC,1959,3343.376,2484.554,580.968,2090.481,1009.609,197.493,412.616,1118.130
ghg_excLUC,1960,3430.586,2677.890,640.479,2178.298,1098.945,209.872,431.874,1175.373
ghg_excLUC,1961,3435.125,2766.107,697.267,2255.858,832.205,221.377,458.370,1220.778
ghg_excLUC,1962,3570.936,2911.884,727.666,2371.164,703.915,236.423,477.437,1260.139
ghg_excLUC,1963,3735.386,3066.009,774.258,2525.182,703.331,248.868,490.715,1348.587
ghg_excLUC,1964,3906.054,3171.389,850.971,2670.584,709.336,246.171,520.327,1427.758
ghg_excLUC,1965,4074.854,3216.736,910.447,2780.609,757.673,263.793,534.687,1567.759
ghg_excLUC,1966,4284.058,3287.712,958.215,2892.940,817.076,271.020,565.154,1733.511
ghg_excLUC,1967,4450.893,3309.225,1065.908,2992.571,716.371,272.544,614.030,1774.452
ghg_excLUC,1968,4620.220,3475.883,1175.449,3085.404,761.089,289.916,653.160,1858.808
ghg_excLUC,1969,4853.043,3666.146,1286.979,3212.758,893.246,294.570,711.271,2025.975
ghg_excLUC,1970,5138.167,3759.650,1454.202,3368.319,1131.840,303.439,785.008,2179.979
ghg_excLUC,1971,5164.188,3833.688,1496.112,3535.159,1235.617,314.446,861.841,2293.405
ghg_excLUC,1972,5387.440,3909.607,1597.087,3695.596,1305.826,329.627,919.450,2374.226
ghg_excLUC,1973,5595.997,4076.980,1678.999,3849.701,1353.028,338.050,1021.687,2579.803
ghg_excLUC,1974,5406.067,3979.211,1680.367,3980.255,1377.027,349.020,1074.210,2598.282
ghg_excLUC,1975,5197.015,3833.944,1637.292,4180.851,1558.363,373.175,1092.140,2610.666
ghg_excLUC,1976,5420.847,4054.068,1678.517,4356.789,1606.004,386.139,1184.436,2755.979
ghg_excLUC,1977,5544.082,3980.117,1732.970,4504.493,1748.535,401.847,1275.363,2813.904
ghg_excLUC,1978,5693.705,4064.334,1717.879,4657.665,1927.873,407.441,1344.080,2906.360
ghg_excLUC,1979,5729.876,4214.113,1799.648,4693.712,1969.117,423.042,1461.473,3028.645
ghg_excLUC,1980,5541.919,4078.957,1800.128,4828.741,1939.231,441.702,1545.797,2947.632
ghg_excLUC,1981,5340.482,3890.067,1777.720,4709.328,1918.065,473.408,1593.748,2760.894
ghg_excLUC,1982,5097.659,3755.852,1740.692,4804.297,2060.360,487.800,1611.616,2825.628
ghg_excLUC,1983,5115.640,3701.530,1719.097,4864.773,2161.718,520.873,1605.296,2917.418
ghg_excLUC,1984,5256.717,3679.785,1808.962,4911.127,2336.280,535.071,1661.040,3039.865
ghg_excLUC,1985,5267.725,3757.184,1782.601,5171.617,2498.154,574.484,1719.388,3173.420
ghg_excLUC,1986,5267.293,3742.793,1765.211,5212.119,2612.202,617.684,1812.474,3267.437
ghg_excLUC,1987,5465.963,3757.856,1795.849,5238.987,2778.888,656.670,1841.958,3366.882
ghg_excLUC,1988,5677.627,3735.663,1912.869,5280.675,2962.262,706.886,1925.575,3602.364
ghg_excLUC,1989,5742.218,3807.859,1981.772,5163.774,3016.643,766.843,1959.013,3717.094
ghg_excLUC,1990,5886.553,3959.787,2128.612,5216.845,3050.701,768.946,1966.436,3677.625
ghg_excLUC,1991,5823.643,4000.063,2135.210,4886.916,3185.453,811.302,2142.129,4105.811
ghg_excLUC,1992,5929.329,3920.022,2170.635,4294.107,3302.529,854.531,2219.130,3733.834
ghg_excLUC,1993,6031.417,3849.118,2172.134,4057.150,3497.279,872.375,2330.262,3847.695
ghg_excLUC,1994,6118.663,3841.160,2253.266,3674.634,3692.746,912.834,2406.786,4014.598
ghg_excLUC,1995,6167.541,3878.576,2294.319,3629.848,3987.509,966.838,2453.036,4139.974
ghg_excLUC,1996,6339.518,3960.497,2333.115,3597.607,4132.814,1034.173,2578.238,4316.025
ghg_excLUC,1997,6407.578,3883.182,2345.438,3460.780,4148.035,1075.385,2677.453,4408.782
ghg_excLUC,1998,6454.869,3892.434,2325.938,3367.859,3981.551,1093.294,2592.093,4483.325
ghg_excLUC,1999,6505.387,3863.719,2385.162,3325.479,4172.754,1183.080,2709.888,4537.977
ghg_excLUC,2000,6723.977,3877.982,2430.595,3321.886,4281.563,1212.075,2825.710,4767.027
ghg_excLUC,2001,6576.034,3923.960,2420.494,3380.958,4380.003,1228.616,2897.839,4788.801
ghg_excLUC,2002,6598.419,3909.831,2461.299,3358.264,4772.301,1263.510,2902.726,4800.676
ghg_excLUC,2003,6664.081,3964.255,2493.619,3461.271,5576.535,1305.699,3054.232,5109.745
ghg_excLUC,2004,6770.908,3955.161,2495.129,3493.900,6015.262,1378.990,3221.400,5280.842
ghg_excLUC,2005,6792.139,3929.942,2500.018,3548.161,6746.289,1445.262,3244.010,5462.252
ghg_excLUC,2006,6721.139,3914.396,2482.750,3679.508,7403.366,1549.979,3358.789,5605.923
ghg_excLUC,2007,6806.651,3834.974,2550.164,3740.557,7925.848,1660.112,3438.398,5644.612
ghg_excLUC,2008,6613.292,3744.705,2464.443,3737.257,8441.730,1768.282,3543.632,5859.122
ghg_excLUC,2009,6136.385,3453.718,2355.326,3505.194,8823.625,1903.149,3549.741,5870.684
ghg_excLUC,2010,6307.125,3537.364,2422.921,3661.697,9600.764,1973.835,3766.212,6215.122
ghg_excLUC,2011,6186.227,3375.673,2479.480,3777.554,10605.287,2072.287,3944.558,6367.873
ghg_excLUC,2012,5962.164,3347.005,2524.717,3787.798,10853.954,2245.158,4094.044,6542.737
ghg_excLUC,2013,6108.991,3279.294,2532.858,3682.357,11041.993,2286.255,4084.209,6638.594
ghg_excLUC,2014,6180.719,3108.116,2477.338,3637.453,11086.678,2449.302,4136.944,6823.350
ghg_excLUC,2015,6005.932,3137.653,2444.451,3624.525,10966.920,2539.290,4177.483,6903.736
ghg_excLUC,2016,5852.134,3099.212,2418.162,3674.863,10814.965,2663.638,4165.259,7099.255
ghg_excLUC,2017,5815.081,3086.538,2423.840,3759.801,11097.793,2741.299,4199.837,7331.716
ghg_excLUC,2018,6005.333,3015.865,2391.371,3831.528,11487.489,2923.173,4289.609,7394.746
ghg_excLUC,2019,5899.809,2884.096,2363.023,3782.321,11888.703,2937.495,4411.886,7610.395
ghg_excLUC,2020,5309.856,2598.634,2201.577,3644.471,12091.771,2742.090,4130.597,7352.578
ghg_excLUC,2021,5675.305,2743.366,2226.625,3813.934,12538.149,3013.546,4299.020,7613.741
ghg_excLUC,2022,5728.265,2662.364,2198.551,3700.140,13031.949,3185.276,4412.186,7747.899
ghg_excLUC,2023,5606.243,2467.583,2157.815,3727.996,13532.396,3431.968,4448.039,7882.748
ghg_excLUC,2024,5594.310,2432.148,2113.307,3791.231,13698.566,3571.002,4509.485,7984.363
ghg_incLUC,1850,774.038,614.616,161.987,775.204,423.495,372.715,213.353,957.903
ghg_incLUC,1851,832.391,604.377,162.846,776.734,418.126,339.200,260.425,1015.070
ghg_incLUC,1852,858.087,606.986,165.646,816.408,410.070,322.464,296.481,1047.568
ghg_incLUC,1853,901.408,613.266,168.463,792.285,400.680,315.248,304.679,1065.370
ghg_incLUC,1854,929.098,652.922,173.011,819.727,394.815,310.721,310.374,1063.321
ghg_incLUC,1855,948.976,647.822,178.461,826.135,387.824,306.412,339.982,1084.400
ghg_incLUC,1856,967.100,661.814,177.937,834.069,380.635,303.384,333.965,1105.658
ghg_incLUC,1857,990.695,660.286,181.555,846.911,375.567,303.243,341.588,1122.944
ghg_incLUC,1858,1019.505,659.044,184.739,850.967,368.150,301.069,350.849,1120.711
ghg_incLUC,1859,1056.119,669.326,188.841,859.177,362.630,299.398,365.005,1125.256
ghg_incLUC,1860,986.387,706.574,198.426,828.723,349.531,300.258,358.988,978.221
ghg_incLUC,1861,916.305,725.915,203.565,832.990,330.380,299.071,369.932,925.267
ghg_incLUC,1862,914.574,732.152,207.572,827.296,320.834,298.315,351.848,890.349
ghg_incLUC,1863,924.493,749.488,210.831,817.027,313.956,299.521,354.291,879.048
ghg_incLUC,1864,907.620,777.701,215.740,858.251,307.109,299.221,371.137,876.618
ghg_incLUC,1865,883.382,802.883,220.967,842.407,283.747,299.365,372.955,864.926
ghg_incLUC,1866,872.643,815.884,225.453,883.172,276.343,301.103,364.863,868.861
ghg_incLUC,1867,893.192,842.206,227.804,838.521,265.793,302.581,366.234,866.198
ghg_incLUC,1868,891.661,843.770,231.867,857.699,258.196,300.946,375.382,852.229
ghg_incLUC,1869,883.892,861.761,237.086,867.664,249.425,302.260,378.898,864.384
ghg_incLUC,1870,1128.915,868.237,237.135,938.283,251.803,304.156,385.483,905.820
ghg_incLUC,1871,1242.675,895.510,243.268,921.934,250.879,304.022,371.621,925.070
ghg_incLUC,1872,1331.079,937.053,246.918,972.547,254.997,307.411,382.796,968.133
ghg_incLUC,1873,1416.006,969.821,249.999,963.609,252.987,308.604,382.291,971.589
ghg_incLUC,1874,1467.274,928.981,252.513,1007.577,254.467,310.905,382.612,984.410
ghg_incLUC,1875,1509.393,985.326,258.341,999.599,247.455,313.131,392.511,983.399
ghg_incLUC,1876,1546.788,990.536,263.978,1026.009,252.368,316.435,384.579,994.616
ghg_incLUC,1877,1612.659,991.788,269.254,1041.121,258.507,317.493,395.581,1013.109
ghg_incLUC,1878,1658.546,994.111,271.282,1065.303,257.053,321.624,393.881,1017.283
ghg_incLUC,1879,1743.836,1008.238,276.415,1083.746,263.012,322.908,396.981,1013.775
ghg_incLUC,1880,1669.802,1092.495,287.818,1112.322,275.297,326.125,419.566,1084.455
ghg_incLUC,1881,1610.786,1105.960,292.103,1120.535,292.749,329.289,426.663,1120.246
ghg_incLUC,1882,1650.940,1131.319,299.703,1141.687,302.877,334.592,435.527,1152.223
ghg_incLUC,1883,1693.938,1168.269,308.663,1161.748,308.175,336.773,444.179,1168.844
ghg_incLUC,1884,1698.652,1157.469,309.714,1189.436,312.095,339.994,437.134,1176.960
ghg_incLUC,1885,1687.208,1151.749,312.710,1210.374,307.688,342.667,452.630,1183.318
ghg_incLUC,1886,1705.790,1146.719,316.431,1199.217,321.007,346.193,445.933,1192.248
ghg_incLUC,1887,1753.098,1182.222,323.357,1191.610,327.673,349.253,461.069,1215.310
ghg_incLUC,1888,1815.471,1223.373,330.852,1214.216,332.984,352.764,469.530,1199.777
ghg_incLUC,1889,1752.089,1256.005,334.395,1237.152,342.467,356.091,478.635,1231.598
ghg_incLUC,1890,1905.205,1297.055,343.195,1355.801,363.676,360.333,505.605,1280.079
ghg_incLUC,1891,1961.917,1327.421,350.684,1386.558,377.992,361.509,531.905,1287.283
ghg_incLUC,1892,1982.900,1314.973,348.935,1403.836,377.498,362.230,549.705,1247.966
ghg_incLUC,1893,2019.588,1281.362,352.210,1412.351,383.398,363.289,547.494,1259.123
ghg_incLUC,1894,1991.218,1367.816,359.338,1468.036,392.016,363.618,565.939,1267.833
ghg_incLUC,1895,2051.126,1386.227,364.101,1461.592,391.033,366.898,572.748,1278.708
ghg_incLUC,1896,2064.314,1430.130,370.971,1471.351,399.161,368.131,583.622,1269.625
ghg_incLUC,1897,2101.120,1475.309,376.538,1506.859,412.573,370.180,595.757,1286.882
ghg_incLUC,1898,2172.660,1499.750,381.226,1542.054,419.785,372.326,598.507,1269.202
ghg_incLUC,1899,2282.668,1566.253,388.566,1556.794,424.830,373.631,608.054,1282.548
ghg_incLUC,1900,2268.432,1629.591,431.426,1608.168,444.607,375.037,628.513,1259.101
ghg_incLUC,1901,2295.516,1604.803,457.711,1685.085,466.820,373.187,661.003,1311.999
ghg_incLUC,1902,2343.904,1612.311,470.716,1700.263,472.569,373.723,671.164,1326.238
ghg_incLUC,1903,2466.892,1662.683,488.632,1745.764,480.368,373.068,701.478,1313.814
ghg_incLUC,1904,2473.775,1680.867,512.912,1788.744,485.851,373.834,710.976,1359.979
ghg_incLUC,1905,2580.626,1725.160,525.931,1836.931,491.633,373.443,719.839,1344.763
ghg_incLUC,1906,2625.396,1753.996,546.106,1880.340,503.893,374.400,735.670,1390.795
ghg_incLUC,1907,2816.605,1893.381,567.252,1941.670,531.045,375.758,752.515,1345.767
ghg_incLUC,1908,2653.575,1908.628,581.853,1981.565,540.518,378.030,761.924,1354.779
ghg_incLUC,1909,2786.055,1905.520,588.979,2030.502,554.975,376.366,777.820,1368.978
ghg_incLUC,1910,2859.787,1919.668,613.370,1732.328,570.391,377.831,829.711,1459.282
ghg_incLUC,1911,2830.268,1951.332,637.812,1655.187,598.827,380.905,853.165,1495.894
ghg_incLUC,1912,2861.349,1977.302,663.415,1649.695,595.633,385.047,866.553,1493.069
ghg_incLUC,1913,2969.668,2102.935,684.998,1587.491,603.315,390.341,889.764,1536.796
ghg_incLUC,1914,2834.671,1922.226,696.389,1489.787,632.650,390.550,900.844,1559.042
ghg_incLUC,1915,2859.532,1843.339,675.635,1422.532,643.021,393.485,912.652,1570.951
ghg_incLUC,1916,2998.632,1893.233,714.197,1453.243,650.747,395.529,930.303,1576.249
ghg_incLUC,1917,3159.037,1865.597,724.671,1367.618,667.907,400.530,939.018,1601.986
ghg_incLUC,1918,3252.946,1792.537,753.225,1195.837,679.090,404.259,955.979,1599.268
ghg_incLUC,1919,2927.414,1681.260,749.474,1054.730,684.182,409.341,983.457,1622.396
ghg_incLUC,1920,3222.851,1820.895,770.344,1273.579,678.557,475.910,1071.394,1767.464
ghg_incLUC,1921,2897.333,1679.631,763.756,1332.266,671.193,514.973,1124.228,1836.646
ghg_incLUC,1922,2896.046,1853.664,780.663,1351.583,665.645,538.088,1139.611,1871.077
ghg_incLUC,1923,3387.414,1798.280,805.970,1399.533,683.405,552.183,1156.694,1948.541
ghg_incLUC,1924,3149.903,2008.281,808.596,1352.633,684.267,566.635,1179.178,1975.573
ghg_incLUC,1925,3215.439,1991.790,811.407,1435.293,690.317,578.029,1178.847,2012.466
ghg_incLUC,1926,3353.948,1709.912,830.913,1489.150,684.793,585.488,1190.216,2036.836
ghg_incLUC,1927,3277.611,2079.765,843.744,1545.100,690.604,596.640,1190.468,2076.596
ghg_incLUC,1928,3228.583,2065.896,851.880,1573.893,692.861,600.923,1202.425,2144.115
ghg_incLUC,1929,3353.808,2199.424,859.428,1675.564,711.778,612.009,1224.319,2134.507
ghg_incLUC,1930,3038.677,2090.213,813.525,1863.536,754.976,621.579,1116.800,2202.138
ghg_incLUC,1931,2726.167,1948.742,772.313,1968.824,780.669,622.900,1060.709,2276.569
ghg_incLUC,1932,2417.529,1828.750,759.460,2022.489,800.131,626.222,1041.609,2353.290
ghg_incLUC,1933,2485.846,1868.158,767.252,2042.738,814.421,636.313,1033.898,2372.804
ghg_incLUC,1934,2573.006,1974.375,794.655,2124.713,842.131,645.964,1043.757,2438.464
ghg_incLUC,1935,2591.554,2032.139,796.433,2212.671,866.168,653.554,1035.228,2419.037
ghg_incLUC,1936,2823.172,2100.870,822.686,2341.576,878.820,660.826,1048.866,2517.178
ghg_incLUC,1937,2876.368,2256.161,836.973,2370.932,882.265,674.770,1058.483,2573.779
ghg_incLUC,1938,2551.376,2240.762,839.781,2437.055,884.370,687.985,1068.511,2603.629
ghg_incLUC,1939,2699.818,2288.965,852.159,2441.553,912.749,694.298,1078.984,2616.632
ghg_incLUC,1940,2971.995,2206.509,878.763,2349.596,977.885,706.513,1206.033,2880.128
ghg_incLUC,1941,3183.994,2185.158,895.541,2162.225,1031.013,713.381,1273.388,3063.234
ghg_incLUC,1942,3370.130,2184.286,917.131,1879.364,1063.753,721.478,1287.947,3154.531
ghg_incLUC,1943,3464.680,2176.798,922.172,1838.461,1067.018,721.589,1338.134,3247.494
ghg_incLUC,1944,3670.059,1997.697,916.280,1804.543,1074.595,733.396,1355.191,3352.541
ghg_incLUC,1945,3591.052,1450.771,849.324,1590.698,1037.653,744.640,1400.685,3435.309
ghg_incLUC,1946,3494.975,1787.394,843.146,1629.749,1025.673,749.585,1480.683,3536.331
ghg_incLUC,1947,3762.813,2006.457,872.761,1641.788,1042.466,753.660,1524.461,3625.607
ghg_incLUC,1948,3882.354,2134.331,916.195,1623.602,1039.581,758.909,1538.893,3673.746
ghg_incLUC,1949,3409.087,2252.433,920.909,1650.493,1082.754,768.802,1563.923,3720.019
ghg_incLUC,1950,3746.398,2304.566,1054.435,1946.839,1341.868,837.249,1668.902,4140.000
ghg_incLUC,1951,3789.547,2501.180,1113.075,2161.137,1599.300,870.604,1761.074,4342.913
ghg_incLUC,1952,3685.678,2540.201,1168.961,2304.194,1404.795,895.786,1836.294,4539.621
ghg_incLUC,1953,3740.367,2549.688,1216.137,2445.853,1353.653,912.314,1878.696,4695.825
ghg_incLUC,1954,3607.004,2649.609,1239.895,2627.474,1570.828,934.075,1950.591,4886.163
ghg_incLUC,1955,3860.721,2812.762,1278.286,2837.639,1559.502,955.255,2027.547,5165.674
ghg_incLUC,1956,4007.162,2930.375,1327.256,3010.235,1480.119,976.050,2096.641,5351.969
ghg_incLUC,1957,3968.122,2961.855,1394.824,3194.203,1504.377,1000.039,2166.900,5602.297
ghg_incLUC,1958,3864.402,2909.142,1393.636,3330.431,1581.868,1019.531,2245.897,5744.095
ghg_incLUC,1959,3916.211,2887.390,1448.967,3739.436,1706.825,1043.473,2320.641,6163.150
ghg_incLUC,1960,3999.151,3082.351,1443.968,3580.200,1736.192,916.659,2366.544,5695.368
ghg_incLUC,1961,3920.929,3182.874,1495.927,3666.116,1837.976,1027.631,2488.269,5336.643
ghg_incLUC,1962,4170.585,3333.952,1451.436,3502.508,1774.085,911.533,2558.611,5206.584
ghg_incLUC,1963,4253.487,3454.283,1525.217,3646.049,1876.863,899.994,2577.706,5164.948
ghg_incLUC,1964,4404.858,3548.018,1617.590,3716.089,1799.003,899.837,2654.495,5145.065
ghg_incLUC,1965,4541.088,3603.328,1709.225,3792.412,2061.178,901.795,2690.894,4881.899
ghg_incLUC,1966,4730.773,3697.704,1670.735,3855.696,1944.967,960.743,2702.682,4941.618
ghg_incLUC,1967,5248.613,3716.397,1927.232,3993.056,1638.414,974.096,2872.051,4935.160
ghg_incLUC,1968,5682.007,3908.122,1857.305,4169.284,1768.523,923.717,2904.975,4960.525
ghg_incLUC,1969,5632.307,4075.102,1961.381,4248.340,2397.133,951.629,2867.633,5711.505
ghg_incLUC,1970,5821.585,4169.486,2048.452,4505.809,2492.342,904.872,2964.913,5977.381
ghg_incLUC,1971,5809.696,4236.103,2138.536,4522.778,2289.570,947.719,3058.770,5921.904
ghg_incLUC,1972,6008.535,4305.319,2173.558,4668.395,2837.550,1036.977,3111.163,5960.690
ghg_incLUC,1973,6195.066,4490.828,2232.105,4863.893,2797.210,1033.436,3219.158,6122.948
ghg_incLUC,1974,6014.718,4399.270,2265.617,5003.795,2815.046,1028.272,3345.965,6130.736
ghg_incLUC,1975,5805.980,4246.052,2283.060,5171.394,2882.925,1035.697,3348.585,6215.711
ghg_incLUC,1976,6025.468,4468.604,2347.379,5383.415,2807.751,1022.088,3493.158,6395.552
ghg_incLUC,1977,6233.118,4400.236,2448.717,5516.882,3343.369,1154.972,3636.973,6392.616
ghg_incLUC,1978,6311.687,4488.184,2354.240,5691.334,3705.422,1107.327,3780.339,6362.794
ghg_incLUC,1979,6333.599,4641.426,2463.079,5678.968,3232.371,1084.193,3941.027,6425.125
ghg_incLUC,1980,6170.309,4509.037,2499.674,5943.386,3181.317,1116.052,4070.233,6346.073
ghg_incLUC,1981,5969.519,4317.724,2423.496,5680.498,3101.302,1180.150,4146.370,6133.065
ghg_incLUC,1982,5719.766,4179.640,2346.881,5802.278,3233.354,1157.605,4207.722,6021.719
ghg_incLUC,1983,5725.374,4132.896,2360.440,5865.056,3330.966,1299.550,4211.003,6283.498
ghg_incLUC,1984,5885.692,4120.058,2420.686,5938.917,3463.252,1259.243,4771.827,6575.984
ghg_incLUC,1985,5895.366,4200.050,2377.021,6233.175,3560.514,1287.643,5285.663,6725.573
ghg_incLUC,1986,5836.974,4190.731,2322.537,6261.036,3684.369,1362.668,5620.113,6812.871
ghg_incLUC,1987,6046.492,4201.949,2293.825,6256.546,3851.818,1354.345,5317.242,6966.417
ghg_incLUC,1988,6267.084,4183.098,2402.668,6278.252,4062.891,1474.339,5131.929,7048.243
ghg_incLUC,1989,6332.358,4267.477,2465.756,6117.454,4144.589,1514.593,5202.889,7064.630
ghg_incLUC,1990,6489.288,4426.790,2651.826,6144.216,4205.167,1526.914,5034.485,7086.347
ghg_incLUC,1991,6393.464,4474.792,2622.804,5786.700,4315.059,1561.427,5202.315,7524.239
ghg_incLUC,1992,6464.021,4345.787,2712.397,5067.190,4445.956,1632.941,5487.729,7291.430
ghg_incLUC,1993,6552.800,4253.021,2716.239,4756.866,4591.354,1638.294,5457.927,7451.442
ghg_incLUC,1994,6686.332,4212.528,2775.551,4290.818,4901.601,1675.792,6126.325,7987.555
ghg_incLUC,1995,6642.142,4273.153,2924.613,4137.145,5151.296,1712.603,6048.426,8034.935
ghg_incLUC,1996,6806.676,4346.898,2985.621,4458.411,5359.031,1817.629,6005.106,8209.028
ghg_incLUC,1997,6885.409,4251.678,2922.095,3912.004,5318.064,1831.317,7978.130,8411.878
ghg_incLUC,1998,6926.782,4273.533,2944.416,3834.536,5195.279,1855.813,6381.762,8711.931
ghg_incLUC,1999,7014.896,4231.255,3001.694,3795.245,5342.072,1939.573,6490.925,8628.521
ghg_incLUC,2000,7217.240,4227.319,3146.008,3673.711,5282.098,2005.885,6424.782,8802.770
ghg_incLUC,2001,6976.344,4261.327,3094.100,3707.226,5282.242,2000.273,6311.363,8610.838
ghg_incLUC,2002,7059.111,4243.853,3061.777,3631.357,5600.191,1994.045,6911.449,8904.830
ghg_incLUC,2003,7245.448,4311.269,3110.521,3806.394,6373.199,2059.556,7612.412,9670.468
ghg_incLUC,2004,7314.667,4304.678,3122.359,3791.185,6840.591,2129.202,7360.777,9539.874
ghg_incLUC,2005,7428.800,4294.527,2992.606,3868.344,7551.543,2205.413,7049.065,9598.687
ghg_incLUC,2006,7064.877,4253.226,2973.896,3990.004,8215.579,2324.594,7553.294,9823.828
ghg_incLUC,2007,7181.516,4216.969,3037.096,4133.570,8701.730,2485.674,6897.006,10061.684
ghg_incLUC,2008,7074.333,4099.765,3049.697,4073.587,9244.500,2641.331,6940.064,10522.993
ghg_incLUC,2009,6577.918,3801.844,2790.614,4050.144,9644.707,2738.050,7254.748,10803.450
ghg_incLUC,2010,6823.523,3885.874,3036.922,4318.993,10308.954,2848.131,7071.752,11288.217
ghg_incLUC,2011,6523.640,3740.532,3111.891,4189.163,11352.635,2950.343,7272.365,11772.843
ghg_incLUC,2012,6388.708,3696.444,3088.876,4458.676,11526.329,3164.010,7515.613,11927.038
ghg_incLUC,2013,6488.665,3635.692,3000.912,4258.831,11692.455,3124.772,7580.019,11886.192
ghg_incLUC,2014,6610.767,3465.294,2942.029,4105.912,11689.330,3216.867,7867.022,12166.317
ghg_incLUC,2015,6408.286,3507.543,2866.682,4372.775,11642.968,3290.423,8308.625,11697.681
ghg_incLUC,2016,6308.617,3477.029,2851.660,4414.102,11382.781,3365.011,7323.635,11865.579
ghg_incLUC,2017,6319.225,3469.070,2914.453,4465.943,11622.925,3415.989,7194.683,12277.557
ghg_incLUC,2018,6466.737,3420.880,2829.165,4435.354,11989.896,3616.201,7322.723,12035.899
ghg_incLUC,2019,6360.787,3285.124,2740.781,4354.799,12322.384,3613.001,7798.218,12075.760
ghg_incLUC,2020,5758.456,2979.791,2605.858,4172.592,12524.051,3436.429,7277.936,11826.823
ghg_incLUC,2021,6131.129,3152.290,2642.294,4384.979,12958.471,3697.615,7621.783,12031.844
ghg_incLUC,2022,6201.504,3049.506,2586.408,4355.782,13446.920,3869.995,7730.420,12255.179
ghg_incLUC,2023,6078.455,2854.459,2550.596,4391.467,13934.404,4121.424,7796.046,12345.854
ghg_incLUC,2024,6054.308,2813.597,2501.740,4441.152,14107.007,4262.411,7754.799,12478.628
