year,annex2_OWID,annex1_OWID,nona1_OWID,annex2_PRIMAP,annex1_PRIMAP,nona1_PRIMAP,annex2_GCP_fossil,annex1_GCP_fossil,nona1_GCP_fossil,annex2_GCP_BLUE,annex1_GCP_BLUE,nona1_GCP_BLUE,annex2_GCP_OSCAR,annex1_GCP_OSCAR,nona1_GCP_OSCAR,annex2_GCP_LUCE,annex1_GCP_LUCE,nona1_GCP_LUCE,annex2_EDGAR,annex1_EDGAR,nona1_EDGAR,annex2_ClimateWatch,annex1_ClimateWatch,nona1_ClimateWatch
1850,194.244,196.749,0.099,201.086,203.658,0.026,194.244,196.749,0.099,,,,,,,,,,,,,,,
1851,195.799,198.668,0.110,203.481,206.512,0.026,195.799,198.668,0.110,,,,,,,,,,,,,,,
1852,203.973,207.414,0.181,212.346,215.995,0.027,203.973,207.414,0.181,,,,,,,,,,,,,,,
1853,213.539,217.120,0.117,222.600,226.441,0.028,213.539,217.120,0.117,,,,,,,,,,,,,,,
1854,251.014,255.033,0.005,261.597,265.929,0.033,251.014,255.033,0.005,,,,,,,,,,,,,,,
1855,255.111,260.094,0.166,266.345,271.411,0.033,255.111,260.094,0.166,,,,,,,,,,,,,,,
1856,272.467,277.681,0.565,284.180,289.820,0.036,272.467,277.681,0.565,,,,,,,,,,,,,,,
1857,274.710,280.293,0.888,286.930,292.984,0.037,274.710,280.293,0.888,,,,,,,,,,,,,,,
1858,277.948,284.549,0.999,290.788,297.525,0.038,277.948,284.549,0.999,,,,,,,,,,,,,,,
1859,295.212,301.783,0.789,308.299,314.962,0.041,295.212,301.783,0.789,,,,,,,,,,,,,,,
1860,323.917,331.231,1.068,337.859,345.302,0.047,323.917,331.231,1.068,,,,,,,,,,,,,,,
1861,340.181,348.191,1.000,355.665,363.863,0.052,340.181,348.191,1.000,,,,,,,,,,,,,,,
1862,345.755,355.047,0.944,361.421,370.923,0.051,345.755,355.047,0.944,,,,,,,,,,,,,,,
1863,367.890,378.515,1.019,384.368,395.252,0.054,367.890,378.515,1.019,,,,,,,,,,,,,,,
1864,396.420,408.324,1.201,413.665,425.852,0.048,396.420,408.324,1.201,,,,,,,,,,,,,,,
1865,420.148,433.436,1.416,438.590,452.209,0.051,420.148,433.436,1.416,,,,,,,,,,,,,,,
1866,431.704,447.106,1.961,450.398,466.228,0.064,431.704,447.106,1.961,,,,,,,,,,,,,,,
1867,461.532,478.750,2.064,483.066,500.747,0.069,461.532,478.750,2.064,,,,,,,,,,,,,,,
1868,473.622,492.115,2.379,496.152,515.152,0.066,473.622,492.115,2.379,,,,,,,,,,,,,,,
1869,502.308,522.589,2.142,525.710,546.553,0.074,502.308,522.589,2.142,,,,,,,,,,,,,,,
1870,512.166,533.909,2.214,536.931,559.289,0.078,512.166,533.909,2.214,,,,,,,,,,,,,,,
1871,541.798,567.426,2.350,568.485,594.819,0.089,541.798,567.426,2.350,,,,,,,,,,,,,,,
1872,600.344,627.844,3.118,630.270,658.516,0.095,600.344,627.844,3.118,,,,,,,,,,,,,,,
1873,638.151,667.052,3.416,669.873,699.558,0.097,638.151,667.052,3.416,,,,,,,,,,,,,,,
1874,593.272,624.797,3.866,622.150,654.650,0.103,593.272,624.797,3.866,,,,,,,,,,,,,,,
1875,645.163,677.667,3.381,678.320,711.841,0.114,645.163,677.667,3.381,,,,,,,,,,,,,,,
1876,649.203,687.218,3.364,683.373,722.856,0.129,649.203,687.218,3.364,,,,,,,,,,,,,,,
1877,663.044,700.867,3.166,697.869,737.191,0.133,663.044,700.867,3.166,,,,,,,,,,,,,,,
1878,664.909,706.561,3.088,697.263,740.610,0.084,664.909,706.561,3.088,,,,,,,,,,,,,,,
1879,712.617,756.586,3.208,748.343,794.133,0.089,712.617,756.586,3.208,,,,,,,,,,,,,,,
1880,807.685,854.559,3.668,852.079,900.910,0.101,807.685,854.559,3.668,,,,,,,,,,,,,,,
1881,835.875,884.358,3.815,877.806,928.280,0.082,835.875,884.358,3.815,,,,,,,,,,,,,,,
1882,883.808,934.245,3.913,929.183,981.721,0.087,883.808,934.245,3.913,,,,,,,,,,,,,,,
1883,937.761,993.698,4.165,986.143,1044.371,0.095,937.761,993.698,4.165,,,,,,,,,,,,,,,
1884,947.144,1005.048,4.714,996.472,1056.853,0.103,947.144,1005.048,4.714,,,,,,,,,,,,,,,
1885,951.358,1012.574,4.916,1002.267,1066.253,0.108,951.358,1012.574,4.916,,,,,,,,,,,,,,,
1886,965.791,1028.359,4.628,1016.986,1082.422,0.117,965.791,1028.359,4.628,,,,,,,,,,,,,,,
1887,1014.161,1078.853,5.430,1067.521,1135.350,1.317,1014.161,1078.853,5.430,,,,,,,,,,,,,,,
1888,1124.788,1194.711,6.631,1184.120,1257.402,1.116,1124.788,1194.711,6.631,,,,,,,,,,,,,,,
1889,1118.950,1194.236,7.861,1179.547,1258.392,2.077,1118.950,1194.236,7.861,,,,,,,,,,,,,,,
1890,1219.232,1300.376,6.879,1285.317,1370.423,1.670,1219.232,1300.376,6.879,,,,,,,,,,,,,,,
1891,1274.171,1361.804,7.795,1343.443,1435.462,1.926,1274.171,1361.804,7.795,,,,,,,,,,,,,,,
1892,1284.023,1372.063,8.473,1353.902,1446.388,2.518,1284.023,1372.063,8.473,,,,,,,,,,,,,,,
1893,1259.203,1354.885,8.295,1330.379,1430.998,2.670,1259.203,1354.885,8.295,,,,,,,,,,,,,,,
1894,1304.225,1402.006,10.221,1378.852,1481.533,3.276,1304.225,1402.006,10.221,,,,,,,,,,,,,,,
1895,1379.161,1485.653,10.311,1458.013,1570.219,4.021,1379.161,1485.653,10.311,,,,,,,,,,,,,,,
1896,1423.057,1534.297,11.154,1504.593,1621.727,4.217,1423.057,1534.297,11.154,,,,,,,,,,,,,,,
1897,1486.208,1607.297,11.108,1572.692,1700.401,4.161,1486.208,1607.297,11.108,,,,,,,,,,,,,,,
1898,1562.075,1694.863,12.104,1653.317,1793.262,4.779,1562.075,1694.863,12.104,,,,,,,,,,,,,,,
1899,1706.562,1850.255,14.169,1808.430,1960.007,5.573,1706.562,1850.255,14.169,,,,,,,,,,,,,,,
1900,1794.800,1949.067,13.816,1906.136,2068.861,5.398,1794.800,1949.067,13.816,,,,,,,,,,,,,,,
1901,1850.226,2010.293,15.335,1961.918,2130.966,10.398,1850.226,2010.293,15.335,,,,,,,,,,,,,,,
1902,1904.591,2060.657,16.299,2018.527,2183.387,11.722,1904.591,2060.657,16.299,,,,,,,,,,,,,,,
1903,2088.921,2247.003,17.589,2212.375,2379.072,14.143,2088.921,2247.003,17.589,,,,,,,,,,,,,,,
1904,2104.166,2271.672,18.583,2227.566,2404.213,15.729,2104.166,2271.672,18.583,,,,,,,,,,,,,,,
1905,2254.431,2419.419,21.151,2384.670,2557.853,16.670,2254.431,2419.419,21.151,,,,,,,,,,,,,,,
1906,2343.993,2524.405,24.573,2479.909,2669.256,35.897,2343.993,2524.405,24.573,,,,,,,,,,,,,,,
1907,2658.239,2857.522,47.427,2815.755,3025.051,36.659,2658.239,2857.522,47.427,,,,,,,,,,,,,,,
1908,2533.506,2739.135,51.260,2693.690,2909.961,46.927,2533.506,2739.135,51.260,,,,,,,,,,,,,,,
1909,2640.336,2854.291,52.820,2799.537,3024.478,43.556,2640.336,2854.292,52.820,,,,,,,,,,,,,,,
1910,2774.871,2985.505,64.768,2941.720,3163.107,55.242,2774.871,2985.505,64.768,,,,,,,,,,,,,,,
1911,2805.105,3025.426,71.782,2971.841,3202.960,71.170,2805.105,3025.426,71.782,,,,,,,,,,,,,,,
1912,2944.408,3188.001,65.928,3125.275,3380.308,55.219,2944.407,3188.001,65.928,,,,,,,,,,,,,,,
1913,3184.217,3444.833,80.013,3377.796,3650.477,64.203,3184.217,3444.833,80.013,,,,,,,,,,,,,,,
1914,2896.350,3123.891,73.859,3074.283,3313.232,61.729,2896.350,3123.891,73.859,,,,,,,,,,,,,,,
1915,2852.864,3067.870,80.160,3025.325,3251.219,73.876,2852.864,3067.870,80.160,,,,,,,,,,,,,,,
1916,3078.006,3309.365,90.867,3252.493,3495.781,80.727,3078.006,3309.365,90.867,,,,,,,,,,,,,,,
1917,3223.898,3453.629,102.870,3378.765,3619.727,89.944,3223.899,3453.629,102.870,,,,,,,,,,,,,,,
1918,3217.814,3397.606,108.479,3376.996,3565.828,95.625,3217.814,3397.606,108.479,,,,,,,,,,,,,,,
1919,2820.473,2914.385,126.728,2960.462,3061.329,113.447,2820.473,2914.385,126.728,,,,,,,,,,,,,,,
1920,3207.807,3374.697,172.061,3359.492,3534.387,155.148,3207.807,3374.697,172.061,,,,,,,,,,,,,,,
1921,2761.688,2931.821,183.173,2890.891,3068.616,167.650,2761.688,2931.821,183.173,,,,,,,,,,,,,,,
1922,2910.015,3083.514,181.203,3056.234,3237.176,168.490,2910.015,3083.514,181.203,,,,,,,,,,,,,,,
1923,3354.326,3517.962,185.034,3515.200,3686.384,173.810,3354.326,3517.961,185.034,,,,,,,,,,,,,,,
1924,3345.878,3524.873,191.269,3511.544,3699.452,181.983,3345.878,3524.873,191.269,,,,,,,,,,,,,,,
1925,3383.426,3559.667,180.966,3572.878,3757.775,175.257,3383.426,3559.667,180.966,,,,,,,,,,,,,,,
1926,3302.046,3507.685,169.722,3484.743,3700.662,164.208,3302.046,3507.685,169.722,,,,,,,,,,,,,,,
1927,3604.945,3848.756,164.191,3816.827,4076.420,162.927,3604.945,3848.756,164.191,,,,,,,,,,,,,,,
1928,3572.664,3835.121,161.190,3769.866,4047.125,160.721,3572.664,3835.121,161.190,,,,,,,,,,,,,,,
1929,3833.188,4124.604,163.606,4047.738,4354.946,166.446,3833.188,4124.604,163.606,,,,,,,,,,,,,,,
1930,3490.821,3800.181,157.913,3681.290,4009.968,161.924,3490.821,3800.181,157.913,,,,,,,,,,,,,,,
1931,3053.532,3389.742,149.577,3222.615,3580.533,151.687,3053.532,3389.742,149.577,,,,,,,,,,,,,,,
1932,2700.776,3041.971,150.619,2850.546,3213.823,151.394,2700.776,3041.971,150.619,,,,,,,,,,,,,,,
1933,2836.099,3199.392,163.290,2991.037,3377.473,164.224,2836.099,3199.392,163.290,,,,,,,,,,,,,,,
1934,3050.416,3470.892,185.294,3218.291,3665.915,188.962,3050.416,3470.892,185.294,,,,,,,,,,,,,,,
1935,3167.522,3628.030,207.711,3344.321,3835.125,215.007,3167.522,3628.030,207.711,,,,,,,,,,,,,,,
1936,3474.271,3991.337,216.592,3665.409,4217.192,229.302,3474.270,3991.337,216.592,,,,,,,,,,,,,,,
1937,3725.095,4262.244,234.469,3936.638,4510.434,247.467,3725.095,4262.244,234.469,,,,,,,,,,,,,,,
1938,3437.603,4007.049,222.568,3627.597,4236.199,241.314,3437.603,4007.049,222.568,,,,,,,,,,,,,,,
1939,3654.587,4225.780,244.352,3869.504,4479.817,274.726,3654.587,4225.780,244.352,,,,,,,,,,,,,,,
1940,3844.739,4626.402,258.260,4031.969,4859.802,284.771,3844.738,4626.402,258.260,,,,,,,,,,,,,,,
1941,4013.190,4731.935,267.156,4197.341,4961.368,291.272,4013.190,4731.935,267.156,,,,,,,,,,,,,,,
1942,4143.859,4693.262,289.261,4338.493,4989.401,307.558,4143.859,4693.262,289.261,,,,,,,,,,,,,,,
1943,4213.524,4798.399,276.874,4391.325,5153.927,300.430,4213.524,4798.399,276.874,,,,,,,,,,,,,,,
1944,4195.245,4865.235,297.251,4338.509,5052.590,332.206,4195.245,4865.235,297.251,,,,,,,,,,,,,,,
1945,3495.965,4014.543,274.768,3608.360,4163.036,325.538,3495.965,4014.543,274.768,,,,,,,,,,,,,,,
1946,3693.088,4316.392,292.154,3855.728,4525.109,413.521,3693.088,4316.392,292.154,,,,,,,,,,,,,,,
1947,4071.817,4779.575,385.629,4279.107,5045.002,471.909,4071.817,4779.575,385.629,,,,,,,,,,,,,,,
1948,4321.853,5075.067,372.815,4554.833,5374.575,449.983,4321.853,5075.067,372.815,,,,,,,,,,,,,,,
1949,3979.510,4831.963,372.070,4209.982,5140.142,541.151,3979.510,4831.963,372.070,,,,,,,,,,,,,,,
1950,4446.611,5373.266,426.426,4702.608,5723.589,453.578,4446.611,5373.266,426.426,,,,,,,,,,,,,,,
1951,4740.857,5747.295,478.892,5026.264,6140.379,513.988,4740.857,5747.295,478.892,,,,,,,,,,,,,,,
1952,4696.542,5777.323,532.250,4986.267,6187.496,566.956,4696.542,5777.323,532.250,,,,,,,,,,,,,,,
1953,4791.719,5944.603,542.758,5092.440,6378.726,580.548,4791.719,5944.603,542.758,,,,,,,,,,,,,,,
1954,4774.317,6025.830,599.823,5088.514,6491.487,642.986,4774.317,6025.830,599.823,,,,,,,,,,,,,,,
1955,5163.393,6553.712,702.105,5512.057,7079.247,740.128,5163.393,6553.712,702.094,,,,,,,,,,,,,,,
1956,5439.203,6952.588,771.606,5803.831,7515.805,816.848,5439.203,6952.588,771.595,,,,,,,,,,,,,,,
1957,5446.753,7097.996,863.611,5825.792,7699.686,926.895,5446.753,7097.996,863.597,,,,,,,,,,,,,,,
1958,5300.651,7049.731,1159.352,5687.383,7678.936,1242.725,5300.651,7049.731,1159.337,,,,,,,,,,,,,,,
1959,5407.492,7247.527,1393.801,5812.068,7913.417,1492.020,5407.492,7247.527,1393.787,,,,,,,,,,,,,,,
1960,5693.875,7619.321,1530.978,6094.646,8298.406,1647.082,5693.875,7619.321,1530.963,,,,,,,,,,,,,,,
1961,5805.260,7805.513,1347.962,6204.188,8495.258,1477.028,5805.259,7805.513,1347.911,,,,,,,,,,,,,,,
1962,6068.527,8180.615,1295.579,6500.021,8919.945,1431.694,6068.527,8180.615,1295.527,,,,,,,,,,,,,,,
1963,6377.235,8642.621,1340.118,6871.525,9468.759,1498.091,6377.235,8642.621,1340.063,,,,,,,,,,,,,,,
1964,6678.810,9091.943,1421.160,7179.641,9948.326,1575.810,6678.810,9091.944,1421.102,,,,,,,,,,,,,,,
1965,6907.477,9439.661,1548.992,7447.464,10360.605,1703.813,6907.478,9439.661,1548.926,,,,,,,,,,,,,,,
1966,7170.749,9826.114,1688.099,7706.610,10769.907,1870.467,7170.749,9826.114,1688.033,,,,,,,,,,,,,,,
1967,7418.988,10185.826,1678.774,7966.909,11159.791,1827.868,7418.988,10185.826,1678.701,,,,,,,,,,,,,,,
1968,7805.817,10674.656,1836.425,8378.970,11686.735,2012.410,7805.816,10674.656,1836.348,,,,,,,,,,,,,,,
1969,8302.484,11311.111,2038.185,8893.136,12359.917,2237.706,8302.484,11311.111,2038.054,,,,,,,,,,,,,,,
1970,8880.780,12061.889,2402.678,9468.542,13107.240,2624.947,8880.780,12061.890,2402.473,,,,,,,,,,9416.665,12539.521,2672.947,,,
1971,8996.982,12355.990,2688.815,9560.516,13340.097,2906.852,8996.982,12355.990,2688.566,,,,,,,,,,9247.910,12387.098,2757.200,,,
1972,9390.534,12912.405,2822.456,9982.694,13960.011,3030.761,9390.535,12912.405,2822.200,,,,,,,,,,9683.447,12978.272,2936.189,,,
1973,9827.470,13496.008,3057.503,10459.677,14610.315,3261.243,9827.470,13496.008,3057.257,,,,,,,,,,10200.687,13688.313,3178.472,,,
1974,9568.522,13365.086,3146.452,10160.447,14413.184,3346.811,9568.522,13365.086,3146.133,,,,,,,,,,9928.919,13552.942,3284.559,,,
1975,9185.092,13185.860,3357.579,9686.632,14126.742,3574.700,9185.092,13185.860,3357.250,,,,,,,,,,9478.248,13300.567,3501.329,,,
1976,9661.581,13836.053,3590.283,10210.591,14838.469,3786.759,9661.581,13836.053,3590.045,,,,,,,,,,10042.596,14020.302,3757.641,,,
1977,9760.016,14083.714,3828.214,10294.385,15062.394,4014.797,9760.016,14083.714,3827.939,,,,,,,,,,10205.778,14299.740,4016.886,,,
1978,9975.672,14449.424,4122.097,10542.470,15464.975,4289.677,9975.672,14449.424,4121.896,,,,,,,,,,10273.079,14617.309,4301.802,,,
1979,10209.226,14713.141,4340.592,10807.860,15777.176,4509.240,10209.225,14713.140,4340.368,,,,,,,,,,10510.599,14926.854,4513.755,,,
1980,9905.742,14565.518,4399.960,10441.746,15551.904,4546.080,9905.742,14565.518,4399.703,,,,,,,,,,10114.978,14652.872,4551.046,,,
1981,9515.271,14062.369,4407.219,10048.542,15030.537,4577.222,9515.271,14062.369,4406.959,,,,,,,,,,9843.688,14316.558,4543.243,,,
1982,9122.378,13755.431,4602.925,9565.937,14619.012,4743.737,9122.378,13755.431,4602.695,,,,,,,,,,9422.668,13933.008,4707.664,,,
1983,9067.997,13763.580,4781.438,9531.891,14649.068,4912.638,9067.997,13763.580,4781.200,,,,,,,,,,9364.453,13922.341,4881.545,,,
1984,9303.477,14044.551,5054.546,9796.624,14976.351,5217.165,9303.477,14044.551,5054.389,,,,,,,,,,9665.416,14281.292,5130.353,,,
1985,9370.160,14413.166,5365.834,9844.816,15315.660,5532.014,9370.160,14413.167,5365.673,,,,,,,,,,9716.686,14388.119,5256.731,,,
1986,9332.564,14413.355,5632.510,9803.422,15324.676,5781.379,9332.563,14413.355,5632.349,,,,,,,,,,9682.119,14465.450,5496.909,,,
1987,9573.298,14670.823,5909.258,10059.142,15590.257,6065.410,9573.298,14670.823,5909.093,,,,,,,,,,9891.484,14819.151,5791.686,,,
1988,9885.856,15049.979,6324.468,10400.898,15974.875,6474.702,9885.856,15049.979,6324.278,,,,,,,,,,10229.960,15215.015,6124.627,,,
1989,10091.097,15145.845,6490.416,10611.104,16060.045,6740.668,10091.097,15145.845,6490.182,,,,,,,,,,10380.866,15341.408,6369.804,,,
1990,10568.041,15687.271,6497.003,10555.481,15715.066,6676.055,10568.041,15687.271,6496.758,,,,,,,,,,10317.448,15479.545,6545.931,9842.928,14635.577,5838.751
1991,10549.228,15093.417,7569.504,10539.840,15103.032,7582.566,10549.228,15093.417,7091.330,,,,,,,,,,10330.924,15001.606,7150.785,9860.654,14202.333,6410.189
1992,10612.481,14334.886,7631.721,10601.578,14324.086,7801.272,10612.481,14334.886,7631.706,,,,,,,,,,10355.526,14377.351,7657.691,9901.872,13603.362,6909.670
1993,10656.114,14171.261,8021.176,10643.743,14158.992,8149.725,10656.115,14171.262,8021.161,,,,,,,,,,10409.483,14128.921,8007.610,9953.484,13398.888,7251.575
1994,10806.302,13972.711,8417.058,10793.439,13959.951,8468.221,10806.302,13972.711,8417.043,,,,,,,,,,10567.590,13956.270,8384.946,10105.578,13237.525,7530.545
1995,10942.501,14062.945,8836.435,10929.571,14050.115,8921.857,10942.501,14062.945,8836.432,,,,,,,,,,10695.853,14045.019,8912.953,10227.049,13303.846,8050.015
1996,11234.975,14331.539,9233.423,11222.663,14319.329,9379.573,11234.975,14331.538,9233.419,,,,,,,,,,10978.232,14264.547,9139.771,10515.587,13550.162,8261.590
1997,11263.228,14227.546,9449.491,11252.160,14216.580,9651.370,11263.229,14227.547,9449.488,,,,,,,,,,11199.879,14332.329,9493.438,10733.086,13620.065,8570.964
1998,11320.933,14204.838,9344.620,11317.785,14201.791,9596.309,11320.933,14204.838,9344.616,,,,,,,,,,11241.331,14307.635,9651.397,10810.268,13625.294,8684.559
1999,11432.726,14262.831,9801.520,11428.190,14258.396,10088.697,11432.727,14262.831,9801.517,,,,,,,,,,11294.515,14360.031,9740.901,10867.343,13670.128,8754.842
2000,11734.342,14550.107,10177.856,11726.593,14542.457,10499.302,11734.342,14550.107,10177.853,,,,,,,,,,11530.634,14628.751,10201.714,11094.067,13942.757,9153.798
2001,11658.366,14525.757,10389.733,11651.068,14518.557,10788.089,11658.366,14525.757,10389.730,,,,,,,,,,11518.518,14609.807,10559.156,11116.551,13963.979,9533.302
2002,11736.784,14579.375,10889.112,11730.291,14572.980,11374.919,11736.784,14579.374,10889.108,,,,,,,,,,11418.217,14495.274,11049.308,11011.373,13855.662,9967.585
2003,11891.462,14825.183,11998.247,11884.715,14818.531,12499.619,11891.462,14825.183,11998.244,,,,,,,,,,11594.699,14813.110,11953.193,11183.327,14139.373,10810.111
2004,12004.157,14962.634,12743.924,11998.095,14956.663,13372.922,12004.157,14962.634,12743.917,,,,,,,,,,11687.486,14890.558,13074.007,11260.222,14192.120,11854.162
2005,12016.580,15014.238,13645.485,12011.018,15008.764,14398.832,12016.580,15014.238,13645.478,,,,,,,,,,11708.581,14910.757,14097.681,11281.114,14222.708,12806.541
2006,11910.561,15026.191,14577.365,11903.931,15019.644,15200.703,11910.561,15026.191,14577.358,,,,,,,,,,11579.897,14872.112,15105.639,11146.645,14187.155,13710.121
2007,11981.589,15144.846,15306.156,11974.555,15137.894,15872.090,11981.589,15144.846,15306.145,,,,,,,,,,11674.213,15011.188,16084.835,11243.584,14327.624,14631.413
2008,11628.637,14789.265,16202.215,11623.027,14783.735,16619.908,11628.637,14789.264,16202.215,,,,,,,,,,11324.498,14613.669,16681.181,10907.907,13961.653,15226.449
2009,10813.924,13753.360,16745.604,10809.090,13748.596,17110.369,10813.925,13753.360,16745.604,,,,,,,,,,10555.447,13612.783,17288.618,10184.016,13021.544,15812.891
2010,11146.606,14219.244,18026.397,11145.202,14217.911,18137.455,11146.606,14219.244,18026.397,,,,,,,,,,10988.456,14198.790,18635.153,10573.099,13536.956,17053.087
2011,10923.118,14092.620,19281.313,10921.374,14090.903,19451.820,10923.118,14092.620,19281.313,,,,,,,,,,10693.447,14025.747,19859.905,10284.895,13362.885,18211.341
2012,10737.962,13905.938,19954.704,10734.558,13902.577,20127.437,10737.962,13905.938,19954.704,,,,,,,,,,10491.055,13787.166,20594.290,10097.963,13134.959,18872.717
2013,10828.046,13889.762,20275.862,10825.836,13887.515,20507.521,10828.047,13889.762,20275.862,,,,,,,,,,10574.830,13769.934,21293.715,10187.387,13136.204,19565.345
2014,10663.366,13684.379,20665.467,10658.481,13679.322,21063.157,10663.366,13684.379,20665.468,,,,,,,,,,10373.848,13512.192,21735.118,9980.539,12878.529,19893.648
2015,10501.311,13508.092,20742.816,10493.395,13499.932,21400.315,10501.312,13508.093,20742.816,,,,,,,,,,10256.210,13375.935,21714.079,9859.370,12707.385,19848.397
2016,10319.180,13359.406,20864.345,10311.569,13351.673,21647.671,10319.180,13359.406,20864.345,,,,,,,,,,10128.633,13260.402,21884.887,9725.093,12595.093,19997.356
2017,10255.639,13368.352,21405.142,10250.117,13362.512,22361.606,10255.639,13368.352,21405.142,,,,,,,,,,10050.759,13259.994,22459.017,9637.728,12571.717,20532.456
2018,10314.544,13473.642,22023.986,10310.808,13469.563,22878.578,10314.543,13473.642,22023.986,,,,,,,,,,10105.355,13392.150,23184.807,9697.196,12692.116,21150.812
2019,10030.973,13121.261,22725.732,10029.223,13118.616,23276.195,10030.973,13121.261,22725.731,,,,,,,,,,9792.966,13041.907,23646.130,9376.160,12314.040,21562.942
2020,9069.582,12034.684,22283.995,9070.152,12035.095,22805.061,9069.582,12034.684,22283.995,,,,,,,,,,8881.619,12007.937,23268.422,8491.933,11310.991,21206.187
2021,9566.130,12670.870,23316.910,9567.392,12671.906,23813.704,9566.130,12670.870,23316.910,,,,,,,,,,9344.727,12709.152,24524.882,8940.369,11993.404,22382.243
2022,9500.505,12497.391,24064.712,9516.458,12513.184,24230.360,9500.505,12497.391,24064.712,,,,,,,,,,9320.531,12522.340,24892.681,8920.555,11873.316,22717.801
2023,9130.490,12152.992,24858.298,9127.882,12106.357,25056.964,9130.490,12152.992,24858.299,,,,,,,,,,8870.810,12060.303,25766.957,8496.347,11431.830,23543.472
2024,9049.333,12126.660,25279.454,8643.204,11451.157,24069.856,9049.333,12126.660,25279.454,,,,,,,,,,8826.467,12071.331,26246.886,,,
