year,annex2_co2_excLUC,annex1_co2_excLUC,world_co2_excLUC,annex2_co2_incLUC,annex1_co2_incLUC,world_co2_incLUC,annex2_ghg_excLUC,annex1_ghg_excLUC,world_ghg_excLUC,annex2_ghg_incLUC,annex1_ghg_incLUC,world_ghg_incLUC
1851,0.000088,0.000089,0.000090,0.000535,0.000795,0.001359,0.000199,0.000234,0.000290,0.000742,0.001090,0.001874
1852,0.000179,0.000183,0.000183,0.001082,0.001619,0.002766,0.000403,0.000473,0.000584,0.001498,0.002211,0.003795
1853,0.000275,0.000281,0.000281,0.001650,0.002452,0.004186,0.000613,0.000720,0.000884,0.002278,0.003345,0.005730
1854,0.000387,0.000395,0.000396,0.002246,0.003323,0.005640,0.000853,0.000996,0.001212,0.003099,0.004533,0.007712
1855,0.000502,0.000513,0.000513,0.002848,0.004204,0.007120,0.001096,0.001276,0.001543,0.003929,0.005731,0.009718
1856,0.000623,0.000637,0.000638,0.003462,0.005098,0.008616,0.001346,0.001564,0.001881,0.004771,0.006946,0.011739
1857,0.000746,0.000764,0.000765,0.004086,0.006007,0.010134,0.001598,0.001854,0.002219,0.005623,0.008177,0.013782
1858,0.000870,0.000891,0.000893,0.004722,0.006929,0.011664,0.001848,0.002144,0.002558,0.006487,0.009421,0.015833
1859,0.001002,0.001027,0.001030,0.005378,0.007874,0.013221,0.002113,0.002448,0.002908,0.007377,0.010694,0.017915
1860,0.001146,0.001175,0.001179,0.006020,0.008790,0.014674,0.002398,0.002773,0.003280,0.008262,0.011948,0.019899
1861,0.001298,0.001332,0.001337,0.006639,0.009685,0.016076,0.002693,0.003109,0.003661,0.009128,0.013186,0.021837
1862,0.001452,0.001491,0.001497,0.007261,0.010578,0.017448,0.002987,0.003446,0.004043,0.009995,0.014424,0.023744
1863,0.001616,0.001661,0.001668,0.007894,0.011477,0.018818,0.003295,0.003799,0.004443,0.010880,0.015676,0.025658
1864,0.001792,0.001844,0.001852,0.008531,0.012398,0.020211,0.003620,0.004171,0.004863,0.011776,0.016958,0.027603
1865,0.001978,0.002039,0.002048,0.009167,0.013310,0.021581,0.003958,0.004558,0.005297,0.012676,0.018238,0.029529
1866,0.002170,0.002240,0.002250,0.009804,0.014240,0.022962,0.004308,0.004959,0.005745,0.013584,0.019547,0.031476
1867,0.002375,0.002455,0.002467,0.010461,0.015169,0.024338,0.004669,0.005374,0.006206,0.014512,0.020856,0.033417
1868,0.002585,0.002676,0.002689,0.011119,0.016107,0.025714,0.005035,0.005797,0.006674,0.015444,0.022178,0.035362
1869,0.002808,0.002911,0.002926,0.011780,0.017051,0.027100,0.005418,0.006238,0.007160,0.016385,0.023515,0.037323
1870,0.003035,0.003151,0.003167,0.012554,0.018139,0.028652,0.005799,0.006679,0.007648,0.017433,0.024992,0.039448
1871,0.003275,0.003406,0.003424,0.013391,0.019282,0.030257,0.006199,0.007142,0.008162,0.018554,0.026535,0.041646
1872,0.003541,0.003688,0.003708,0.014281,0.020499,0.031962,0.006640,0.007648,0.008721,0.019746,0.028173,0.043971
1873,0.003823,0.003988,0.004010,0.015221,0.021759,0.033708,0.007103,0.008178,0.009307,0.020997,0.029866,0.046358
1874,0.004085,0.004268,0.004293,0.016166,0.023043,0.035481,0.007521,0.008665,0.009853,0.022232,0.031564,0.048762
1875,0.004371,0.004573,0.004600,0.017152,0.024362,0.037287,0.007971,0.009186,0.010435,0.023521,0.033312,0.051224
1876,0.004656,0.004882,0.004911,0.018156,0.025709,0.039122,0.008414,0.009706,0.011019,0.024825,0.035090,0.053726
1877,0.004948,0.005196,0.005228,0.019189,0.027090,0.041004,0.008864,0.010235,0.011614,0.026164,0.036909,0.056290
1878,0.005239,0.005513,0.005547,0.020242,0.028499,0.042913,0.009312,0.010764,0.012213,0.027523,0.038761,0.058896
1879,0.005551,0.005852,0.005889,0.021337,0.029957,0.044870,0.009783,0.011319,0.012842,0.028931,0.040671,0.061567
1880,0.005906,0.006235,0.006276,0.022435,0.031428,0.046886,0.010309,0.011932,0.013530,0.030356,0.042612,0.064323
1881,0.006273,0.006631,0.006676,0.023510,0.032880,0.048908,0.010851,0.012563,0.014241,0.031766,0.044542,0.067105
1882,0.006662,0.007049,0.007098,0.024613,0.034368,0.050988,0.011423,0.013225,0.014986,0.033216,0.046524,0.069971
1883,0.007074,0.007494,0.007548,0.025753,0.035898,0.053122,0.012024,0.013921,0.015764,0.034710,0.048561,0.072911
1884,0.007489,0.007944,0.008002,0.026888,0.037437,0.055264,0.012617,0.014612,0.016541,0.036191,0.050599,0.075863
1885,0.007906,0.008398,0.008461,0.028017,0.038975,0.057412,0.013200,0.015296,0.017314,0.037657,0.052633,0.078827
1886,0.008330,0.008858,0.008926,0.029151,0.040513,0.059564,0.013781,0.015980,0.018089,0.039124,0.054663,0.081804
1887,0.008774,0.009341,0.009414,0.030322,0.042083,0.061766,0.014389,0.016693,0.018898,0.040636,0.056737,0.084853
1888,0.009267,0.009876,0.009955,0.031536,0.043704,0.064017,0.015068,0.017482,0.019786,0.042216,0.058890,0.087991
1889,0.009757,0.010410,0.010496,0.032736,0.045320,0.066284,0.015732,0.018260,0.020668,0.043775,0.061034,0.091150
1890,0.010290,0.010991,0.011085,0.034020,0.047070,0.068725,0.016466,0.019114,0.021626,0.045445,0.063346,0.094528
1891,0.010847,0.011600,0.011702,0.035342,0.048871,0.071235,0.017227,0.020002,0.022619,0.047159,0.065717,0.097988
1892,0.011409,0.012212,0.012324,0.036664,0.050678,0.073738,0.017975,0.020876,0.023603,0.048859,0.068081,0.101435
1893,0.011957,0.012816,0.012937,0.037990,0.052490,0.076250,0.018686,0.021721,0.024560,0.050539,0.070432,0.104878
1894,0.012526,0.013440,0.013573,0.039339,0.054350,0.078823,0.019442,0.022611,0.025565,0.052271,0.072858,0.108414
1895,0.013126,0.014101,0.014247,0.040720,0.056236,0.081427,0.020233,0.023545,0.026618,0.054040,0.075320,0.111999
1896,0.013745,0.014783,0.014943,0.042126,0.058150,0.084060,0.021050,0.024507,0.027702,0.055843,0.077820,0.115629
1897,0.014390,0.015496,0.015672,0.043567,0.060112,0.086758,0.021905,0.025515,0.028836,0.057692,0.080384,0.119346
1898,0.015068,0.016248,0.016441,0.045047,0.062127,0.089503,0.022806,0.026580,0.030030,0.059598,0.083024,0.123139
1899,0.015810,0.017069,0.017280,0.046600,0.064219,0.092335,0.023796,0.027743,0.031326,0.061603,0.085772,0.127054
1900,0.016592,0.017935,0.018164,0.048189,0.066367,0.095226,0.024825,0.028957,0.032673,0.063644,0.088582,0.131043
1901,0.017397,0.018826,0.019076,0.049786,0.068555,0.098202,0.025876,0.030198,0.034054,0.065694,0.091441,0.135127
1902,0.018225,0.019739,0.020012,0.051410,0.070775,0.101220,0.026949,0.031459,0.035458,0.067774,0.094336,0.139256
1903,0.019134,0.020734,0.021031,0.053108,0.073088,0.104338,0.028134,0.032829,0.036977,0.069962,0.097357,0.143521
1904,0.020047,0.021738,0.022063,0.054827,0.075439,0.107517,0.029325,0.034213,0.038515,0.072173,0.100425,0.147857
1905,0.021027,0.022809,0.023162,0.056610,0.077875,0.110778,0.030616,0.035689,0.040148,0.074486,0.103610,0.152307
1906,0.022044,0.023924,0.024310,0.058428,0.080362,0.114117,0.031967,0.037240,0.041869,0.076858,0.106882,0.156880
1907,0.023198,0.025186,0.025618,0.060388,0.083014,0.117618,0.033513,0.039001,0.043817,0.079432,0.110389,0.161685
1908,0.024294,0.026393,0.026874,0.062292,0.085627,0.121089,0.034944,0.040651,0.045663,0.081898,0.113806,0.166414
1909,0.025437,0.027651,0.028184,0.064250,0.088312,0.124647,0.036451,0.042385,0.047596,0.084448,0.117334,0.171269
1910,0.026643,0.028971,0.029557,0.066249,0.090903,0.128179,0.038027,0.044185,0.049598,0.087049,0.120777,0.176106
1911,0.027862,0.030307,0.030952,0.068256,0.093466,0.131718,0.039617,0.046000,0.051629,0.089659,0.124186,0.180962
1912,0.029139,0.031715,0.032417,0.070294,0.096055,0.135283,0.041287,0.047912,0.053757,0.092322,0.127645,0.185873
1913,0.030521,0.033236,0.034005,0.072433,0.098717,0.138949,0.043128,0.050004,0.056079,0.095152,0.131237,0.190961
1914,0.031777,0.034612,0.035445,0.074450,0.101213,0.142470,0.044750,0.051850,0.058164,0.097769,0.134561,0.195819
1915,0.033016,0.035968,0.036862,0.076433,0.103645,0.145936,0.046336,0.053641,0.060202,0.100332,0.137783,0.200602
1916,0.034353,0.037430,0.038394,0.078504,0.106179,0.149510,0.048064,0.055583,0.062408,0.103029,0.141147,0.205552
1917,0.035754,0.038957,0.039995,0.080630,0.108730,0.153118,0.049884,0.057601,0.064709,0.105808,0.144536,0.210565
1918,0.037167,0.040460,0.041574,0.082777,0.111233,0.156684,0.051694,0.059527,0.066927,0.108588,0.147807,0.215480
1919,0.038411,0.041744,0.042944,0.084742,0.113494,0.160027,0.053225,0.061097,0.068812,0.111076,0.150694,0.220051
1920,0.039831,0.043238,0.044541,0.086888,0.116034,0.163774,0.055009,0.062953,0.071007,0.113822,0.153932,0.225113
1921,0.041049,0.044530,0.045944,0.088849,0.118412,0.167420,0.056453,0.064463,0.072870,0.116245,0.156863,0.229949
1922,0.042334,0.045890,0.047414,0.090880,0.120869,0.171166,0.058010,0.066089,0.074860,0.118786,0.159918,0.234955
1923,0.043816,0.047444,0.049081,0.093092,0.123526,0.175159,0.059838,0.067984,0.077135,0.121580,0.163247,0.240308
1924,0.045293,0.048999,0.050755,0.095291,0.126144,0.179133,0.061663,0.069884,0.079434,0.124364,0.166542,0.245672
1925,0.046786,0.050567,0.052439,0.097511,0.128819,0.183179,0.063477,0.071777,0.081733,0.127141,0.169870,0.251109
1926,0.048241,0.052111,0.054095,0.099682,0.131465,0.187205,0.065190,0.073587,0.083949,0.129807,0.173109,0.256482
1927,0.049831,0.053805,0.055902,0.101970,0.134248,0.191384,0.067060,0.075577,0.086359,0.132614,0.176513,0.262063
1928,0.051403,0.055489,0.057702,0.104235,0.137020,0.195580,0.068926,0.077572,0.088787,0.135410,0.179919,0.267697
1929,0.053090,0.057300,0.059633,0.106606,0.139938,0.199932,0.070938,0.079733,0.091400,0.138345,0.183508,0.273553
1930,0.054623,0.058964,0.061416,0.108778,0.142734,0.204161,0.072701,0.081679,0.093807,0.140985,0.186907,0.279238
1931,0.055962,0.060444,0.063009,0.110747,0.145369,0.208240,0.074163,0.083355,0.095938,0.143316,0.190064,0.284702
1932,0.057145,0.061768,0.064447,0.112533,0.147842,0.212181,0.075368,0.084770,0.097843,0.145363,0.192964,0.289974
1933,0.058388,0.063161,0.065962,0.114363,0.150366,0.216178,0.076609,0.086235,0.099818,0.147432,0.195903,0.295311
1934,0.059723,0.064669,0.067608,0.116281,0.153008,0.220331,0.078056,0.087964,0.102095,0.149702,0.199116,0.300989
1935,0.061110,0.066244,0.069335,0.118229,0.155714,0.224537,0.079578,0.089805,0.104522,0.152026,0.202446,0.306804
1936,0.062631,0.067977,0.071230,0.120305,0.158602,0.228970,0.081251,0.091844,0.107167,0.154501,0.206008,0.312926
1937,0.064259,0.069825,0.073255,0.122468,0.161586,0.233525,0.083044,0.094027,0.109979,0.157079,0.209706,0.319237
1938,0.065753,0.071552,0.075160,0.124491,0.164457,0.237977,0.084639,0.096077,0.112672,0.159459,0.213288,0.325476
1939,0.067342,0.073374,0.077173,0.126595,0.167410,0.242524,0.086445,0.098361,0.115620,0.162042,0.217102,0.331987
1940,0.069012,0.075366,0.079373,0.128789,0.170398,0.247305,0.088265,0.100789,0.118733,0.164651,0.220937,0.338743
1941,0.070758,0.077410,0.081624,0.131059,0.173383,0.252204,0.090333,0.103418,0.122064,0.167519,0.224925,0.345813
1942,0.072573,0.079458,0.083868,0.133401,0.176319,0.257101,0.092474,0.106015,0.125343,0.170477,0.228837,0.352876
1943,0.074419,0.081551,0.086153,0.135766,0.179254,0.262035,0.094571,0.108601,0.128617,0.173399,0.232704,0.359976
1944,0.076261,0.083673,0.088478,0.138126,0.182164,0.266977,0.096665,0.111215,0.131947,0.176334,0.236562,0.367151
1945,0.077799,0.085421,0.090410,0.140179,0.184683,0.271543,0.098367,0.113300,0.134740,0.178893,0.239889,0.373860
1946,0.079425,0.087302,0.092485,0.142319,0.187298,0.276235,0.100219,0.115591,0.137829,0.181618,0.243401,0.380904
1947,0.081243,0.089407,0.094811,0.144645,0.190095,0.281155,0.102330,0.118188,0.141228,0.184614,0.247194,0.388287
1948,0.083169,0.091639,0.097264,0.147075,0.192982,0.286179,0.104631,0.121003,0.144797,0.187814,0.251182,0.395867
1949,0.084947,0.093763,0.099608,0.149345,0.195713,0.291074,0.106697,0.123640,0.148203,0.190780,0.254955,0.403309
1950,0.086929,0.096120,0.102220,0.151821,0.198778,0.296676,0.109126,0.126660,0.152022,0.194125,0.259220,0.411638
1951,0.089040,0.098639,0.105023,0.154407,0.202040,0.302714,0.111860,0.130019,0.156240,0.197769,0.263877,0.420674
1952,0.091131,0.101167,0.107865,0.156979,0.205345,0.308814,0.114662,0.133498,0.160605,0.201502,0.268701,0.429944
1953,0.093264,0.103768,0.110786,0.159583,0.208737,0.315054,0.117522,0.137079,0.165088,0.205300,0.273662,0.439459
1954,0.095383,0.106393,0.113770,0.162170,0.212183,0.321547,0.120353,0.140674,0.169650,0.209082,0.278683,0.449311
1955,0.097676,0.109249,0.117037,0.164928,0.215882,0.328407,0.123450,0.144616,0.174727,0.213145,0.284094,0.459833
1956,0.100093,0.112277,0.120516,0.167799,0.219758,0.335509,0.126698,0.148773,0.180076,0.217360,0.289743,0.470718
1957,0.102519,0.115370,0.124101,0.170678,0.223713,0.342816,0.129945,0.153019,0.185616,0.221589,0.295511,0.481958
1958,0.104881,0.118437,0.127798,0.173475,0.227638,0.350204,0.133198,0.157322,0.191381,0.225821,0.301349,0.493459
1959,0.107289,0.121588,0.131689,0.176292,0.231757,0.358003,0.136498,0.161727,0.197579,0.230088,0.307418,0.505682
1960,0.109828,0.124904,0.135810,0.179202,0.235892,0.365544,0.139992,0.166331,0.204094,0.234526,0.313554,0.517811
1961,0.112420,0.128303,0.139932,0.182122,0.240068,0.373095,0.143543,0.171057,0.210616,0.238983,0.319771,0.529969
1962,0.115130,0.131866,0.144199,0.185171,0.244284,0.380570,0.147241,0.176033,0.217331,0.243608,0.326156,0.542160
1963,0.117978,0.135629,0.148695,0.188314,0.248648,0.388190,0.151144,0.181283,0.224421,0.248388,0.332774,0.554648
1964,0.120963,0.139589,0.153429,0.191583,0.253166,0.395916,0.155260,0.186816,0.231835,0.253361,0.339612,0.567381
1965,0.124049,0.143696,0.158378,0.194952,0.257812,0.403732,0.159635,0.192718,0.239803,0.258588,0.346808,0.580583
1966,0.127262,0.147979,0.163563,0.198408,0.262562,0.411574,0.164189,0.198825,0.248198,0.263935,0.354147,0.594071
1967,0.130586,0.152418,0.168905,0.202191,0.267693,0.419724,0.168791,0.204989,0.256631,0.269551,0.361800,0.607812
1968,0.134085,0.157074,0.174539,0.206192,0.273119,0.428199,0.173608,0.211387,0.265433,0.275426,0.369773,0.622000
1969,0.137796,0.161999,0.180551,0.210259,0.278648,0.437328,0.178781,0.218164,0.274937,0.281509,0.377950,0.637154
1970,0.141769,0.167257,0.187064,0.214506,0.284473,0.446846,0.184091,0.225150,0.285014,0.287635,0.386283,0.652856
1971,0.145806,0.172650,0.193839,0.218816,0.290357,0.456378,0.189388,0.232186,0.295273,0.293730,0.394592,0.668385
1972,0.150020,0.178284,0.200925,0.223241,0.296408,0.466355,0.194858,0.239465,0.305947,0.299971,0.403115,0.684498
1973,0.154428,0.184173,0.208379,0.227852,0.302718,0.476617,0.200510,0.246997,0.317179,0.306354,0.411872,0.701083
1974,0.158721,0.189996,0.215814,0.232353,0.308968,0.486887,0.205967,0.254386,0.328256,0.312585,0.420540,0.717528
1975,0.162847,0.195736,0.223264,0.236696,0.315123,0.497086,0.211133,0.261562,0.339099,0.318551,0.429009,0.733734
1976,0.167184,0.201758,0.231111,0.241251,0.321575,0.507655,0.216446,0.268955,0.350339,0.324655,0.437698,0.750282
1977,0.171568,0.207888,0.239177,0.245924,0.328198,0.518693,0.221770,0.276410,0.361773,0.330787,0.446454,0.767247
1978,0.176049,0.214175,0.247540,0.250644,0.334933,0.530004,0.227187,0.284035,0.373525,0.336882,0.455261,0.784392
1979,0.180636,0.220580,0.256121,0.255465,0.341758,0.541212,0.232756,0.291826,0.385464,0.343123,0.464209,0.801421
1980,0.185085,0.226910,0.264661,0.260168,0.348582,0.552446,0.238116,0.299450,0.397026,0.349181,0.473073,0.818143
1981,0.189358,0.233016,0.272978,0.264690,0.355113,0.563382,0.243239,0.306752,0.408011,0.354927,0.481480,0.834108
1982,0.193453,0.238979,0.281245,0.268997,0.361474,0.574133,0.248092,0.313845,0.418947,0.360389,0.489655,0.849914
1983,0.197525,0.244945,0.289596,0.273315,0.367869,0.585106,0.252790,0.320800,0.429794,0.365662,0.497641,0.865727
1984,0.201699,0.251031,0.298197,0.277725,0.374385,0.596593,0.257502,0.327786,0.440949,0.370952,0.505695,0.882036
1985,0.205901,0.257264,0.307104,0.282142,0.381042,0.608549,0.262204,0.334881,0.452334,0.376242,0.513873,0.898733
1986,0.210091,0.263500,0.316131,0.286522,0.387672,0.620695,0.266835,0.341946,0.463704,0.381397,0.521919,0.915411
1987,0.214389,0.269852,0.325398,0.291008,0.394402,0.632880,0.271516,0.349093,0.475414,0.386511,0.529925,0.932156
1988,0.218826,0.276362,0.335023,0.295638,0.401288,0.645269,0.276246,0.356330,0.487603,0.391661,0.537985,0.949151
1989,0.223355,0.282917,0.344766,0.300360,0.408203,0.657695,0.280978,0.363506,0.499790,0.396804,0.545963,0.966167
1990,0.228099,0.289721,0.354756,0.305315,0.415379,0.670299,0.285914,0.370886,0.511999,0.402191,0.554175,0.983173
1991,0.232835,0.296386,0.364745,0.310241,0.422396,0.682855,0.290841,0.378040,0.524053,0.407532,0.562071,0.999980
1992,0.237598,0.302825,0.374637,0.315186,0.429140,0.695426,0.295788,0.384886,0.535904,0.412826,0.569474,1.016569
1993,0.242378,0.309188,0.384630,0.320138,0.435777,0.707994,0.300726,0.391553,0.547641,0.418094,0.576609,1.032825
1994,0.247229,0.315464,0.394712,0.325148,0.442293,0.721073,0.305780,0.398097,0.559612,0.423437,0.583499,1.049724
1995,0.252140,0.321781,0.405023,0.330239,0.448835,0.734206,0.310896,0.404650,0.571945,0.428827,0.590284,1.066724
1996,0.257184,0.328220,0.415634,0.335466,0.455672,0.747757,0.316122,0.411252,0.584637,0.434316,0.597238,1.084156
1997,0.262240,0.334611,0.426296,0.340671,0.462252,0.762026,0.321347,0.417767,0.597309,0.439790,0.603875,1.102072
1998,0.267338,0.341007,0.436899,0.345938,0.468876,0.775685,0.326551,0.424168,0.609664,0.445315,0.610437,1.119200
1999,0.272486,0.347429,0.447735,0.351251,0.475531,0.789472,0.331678,0.430468,0.621985,0.450781,0.616890,1.136178
2000,0.277768,0.353979,0.458867,0.356726,0.482292,0.803367,0.336902,0.436875,0.634982,0.456359,0.623395,1.153557
2001,0.283015,0.360518,0.470084,0.362098,0.488963,0.817032,0.342047,0.443271,0.648311,0.461840,0.629853,1.170996
2002,0.288298,0.367081,0.481549,0.367504,0.495636,0.831233,0.347194,0.449622,0.661699,0.467267,0.636177,1.188752
2003,0.293651,0.373755,0.493624,0.373083,0.502553,0.846595,0.352462,0.456144,0.676082,0.472862,0.642755,1.208057
2004,0.299054,0.380490,0.506097,0.378682,0.509488,0.861959,0.357777,0.462729,0.690884,0.478518,0.649356,1.227523
2005,0.304462,0.387249,0.518999,0.384296,0.516469,0.877522,0.363051,0.469316,0.706185,0.484055,0.655889,1.247272
2006,0.309823,0.394013,0.532326,0.389703,0.523292,0.893557,0.368286,0.475924,0.721969,0.489476,0.662363,1.267607
2007,0.315216,0.400830,0.546034,0.395175,0.530238,0.909772,0.373561,0.482603,0.738067,0.495020,0.669026,1.288138
2008,0.320449,0.407486,0.559986,0.400580,0.537088,0.926388,0.378675,0.489110,0.754296,0.500446,0.675548,1.308983
2009,0.325316,0.413677,0.573715,0.405537,0.543489,0.943049,0.383307,0.495042,0.770007,0.505313,0.681501,1.329449
2010,0.330333,0.420078,0.588231,0.410769,0.550276,0.960485,0.388081,0.501220,0.786768,0.510391,0.687827,1.350901
2011,0.335249,0.426421,0.603255,0.415792,0.556786,0.978374,0.392760,0.507448,0.804520,0.515398,0.694134,1.373440
2012,0.340081,0.432680,0.618498,0.420734,0.563331,0.996610,0.397326,0.513635,0.822569,0.520304,0.700588,1.396469
2013,0.344954,0.438932,0.633879,0.425691,0.569798,1.014830,0.401940,0.519870,0.840714,0.525138,0.706967,1.419392
2014,0.349753,0.445090,0.649343,0.430583,0.576131,1.033178,0.406519,0.526099,0.858969,0.529965,0.713354,1.442480
2015,0.354477,0.451169,0.664761,0.435380,0.582490,1.051530,0.411018,0.532249,0.877043,0.534683,0.719800,1.465434
2016,0.359121,0.457182,0.680167,0.440138,0.588820,1.069360,0.415385,0.538332,0.894959,0.539297,0.726232,1.487783
2017,0.363736,0.463199,0.695821,0.444900,0.595170,1.087410,0.419775,0.544498,0.913307,0.544025,0.732859,1.510723
2018,0.368379,0.469264,0.711801,0.449656,0.601490,1.105595,0.424305,0.550895,0.932454,0.548860,0.739673,1.534205
2019,0.372894,0.475171,0.727939,0.454275,0.607624,1.123940,0.428788,0.557235,0.951958,0.553560,0.746356,1.557966
2020,0.376977,0.480589,0.743387,0.458467,0.613252,1.141429,0.432723,0.562942,0.970243,0.557675,0.752362,1.580465
2021,0.381283,0.486293,0.759588,0.462899,0.619203,1.159733,0.437000,0.569088,0.989631,0.562154,0.758859,1.604217
2022,0.385559,0.491919,0.776046,0.467294,0.625113,1.178353,0.441313,0.575212,1.009747,0.566663,0.765364,1.628745
2023,0.389669,0.497390,0.792707,0.471525,0.630872,1.197157,0.445492,0.581200,1.029963,0.571130,0.771826,1.653394
2024,0.393743,0.502849,0.809546,0.475714,0.636608,1.216066,0.449633,0.587178,1.050284,0.575498,0.778234,1.678059
